17573691,1160646086219821056,1
17573691,127282910,1
17573691,2445057864,1
17573691,1136370591517290496,1
17573691,867198486,1
17573691,1105580899415019520,1
17573691,22611041,1
17573691,131277563,1
17573691,394875188,1
17573691,2334614718,1
1136680950769651712,322316099,1
14886375,2155025374,1
14886375,842833790594703360,1
14886375,1131885542856101888,1
14886375,547216576,1
14886375,869655716973490177,1
14886375,1083167761,1
14886375,994035659382935553,1
14886375,967670403421392896,1
2214652482,3400339991,2
2214652482,2741661968,1
2214652482,59498917,1
2214652482,571150005,2
2214652482,1140725219050577922,1
2214652482,1136370591517290496,1
2214652482,606736086,1
2214652482,375831726,1
2214652482,790055810,1
2214652482,441294113,1
2214652482,1342865461206282241,1
2214652482,1351237694958022658,1
2214652482,393638656,3
2214652482,271223447,1
2214652482,574190667,1
2214652482,3218692340,3
2214652482,238536342,1
2214652482,1905584396,1
2214652482,1388469690,1
2214652482,1068528501093998592,1
2214652482,2897955158,1
2214652482,2291650634,1
2214652482,869655716973490177,1
2214652482,842833790594703360,1
2214652482,1158726061582106624,2
2214652482,23716741,1
2214652482,1190706309554794496,1
2214652482,1349916066936459266,1
2214652482,105897782,1
2214652482,983301605813563392,1
2214652482,1240718417457537024,1
2214652482,420096258,1
2214652482,1208188588342599680,1
2214652482,2341719841,1
2214652482,866334733374038016,1
2214652482,987098457260388352,2
2214652482,209263042,1
2214652482,1134620453870473216,1
2214652482,945518058394869761,1
2214652482,3114678419,1
2214652482,41352867,1
2214652482,28223464,1
2214652482,186846931,1
2214652482,3028255067,1
2214652482,742617806,1
2214652482,1107353063453536256,3
2214652482,36304208,1
2214652482,2394545791,1
2214652482,126573813,1
2214652482,1067719244199223296,1
2214652482,35647451,1
2214652482,1150845585081143296,3
2214652482,363925973,1
2214652482,2475020651,2
2214652482,607498773,2
2214652482,825549195746672640,1
2214652482,1042334540,1
2214652482,573155478,1
2214652482,483350768,1
2214652482,1022166656695455745,1
2214652482,811764454333579266,1
2214652482,791295156582510592,1
2214652482,1158103242,1
2214652482,1352419077751500806,1
2214652482,166306851,1
2214652482,3317173928,1
2214652482,1284532800314638341,1
2214652482,931894026923642881,1
2214652482,557719948,1
2214652482,1219899283,1
2214652482,1158473863,1
2214652482,353876212,1
2214652482,1347320719437398019,1
2214652482,1002086868,1
2214652482,1250504074727915521,1
2214652482,107671719,1
2214652482,932271127648489473,1
2214652482,504027031,1
2214652482,36362392,1
2214652482,880567548663803904,1
2214652482,1150577039285661696,1
2214652482,1271450890231263234,1
2214652482,1268787104,1
2214652482,836958368,1
2214652482,838160941808238595,1
2214652482,1361004608,1
2214652482,161497322,1
2214652482,775718634283003904,1
2214652482,750304273490030592,1
2214652482,47879212,1
2214652482,121284537,2
2214652482,334786148,1
2214652482,397036548,1
2214652482,17741177,1
2214652482,1345056311193559045,1
2214652482,799191135902199808,1
2214652482,1314614196353597441,1
2214652482,1197741710568128512,1
2214652482,24843079,1
2214652482,3029204524,1
2214652482,2730301340,1
2214652482,108501071,1
2214652482,879137394615869440,1
2214652482,191417203,1
2214652482,498388745,1
2214652482,635087601,1
2214652482,1093291579132002304,1
2214652482,1198178467,1
2214652482,828736324001792000,1
2214652482,361959844,1
2214652482,497392133,1
985721299078070272,1340864886,1
985721299078070272,1251636499373862917,1
985721299078070272,979044373722750978,1
985721299078070272,1276530629493108736,1
985721299078070272,1088284142771556353,1
985721299078070272,1302069535147687936,1
985721299078070272,757387995783786496,1
985721299078070272,3028255067,1
985721299078070272,1273603221802663937,1
988955288,400635734,1
988955288,434526754,1
988955288,1298368067701891072,1
988955288,1330824207299727360,1
988955288,1270180030665109509,1
988955288,714422729198411777,3
988955288,3218692340,1
988955288,49746669,1
988955288,357271059,1
988955288,1334677120421924872,1
988955288,1144148027076153344,2
988955288,564113221,1
988955288,1005922997398654977,1
988955288,58917652,1
988955288,19534637,2
988955288,1323545206357168128,3
988955288,1323542737132658688,3
988955288,24842165,1
988955288,3317173928,1
988955288,1315776205665177601,1
988955288,895501873721069568,1
988955288,1252728186791747584,1
988955288,1197591919,1
988955288,1125531255674687489,1
988955288,112542289,1
988955288,956719567459504129,1
988955288,878019880598949889,1
988955288,424921610,1
988955288,548958348,1
988955288,1248760361504866306,1
988955288,3128191778,1
988955288,811764454333579266,1
988955288,113294826,1
988955288,2606392452,1
988955288,1148623689631465472,1
988955288,764575357873848324,1
988955288,1007974747,1
988955288,1134008985499996160,1
988955288,985090779965255681,2
988955288,1336712978935152640,1
988955288,3972790337,1
988955288,1162293142563016704,1
988955288,508769302,1
988955288,878891233455767553,1
988955288,1081214333907017728,1
988955288,1159442766734249984,1
988955288,369251638,1
988955288,549804277,1
988955288,1431836593,1
988955288,1321446640134205440,1
988955288,214710046,1
988955288,987098457260388352,1
988955288,384148537,1
988955288,1241943431590465537,1
988955288,983301605813563392,1
988955288,253320345,1
988955288,1105822677032407040,1
988955288,334919538,1
988955288,313531435,1
988955288,1306194362553053184,2
988955288,22634799,1
988955288,1098680691720515585,1
988955288,3128736229,1
988955288,2494896473,1
988955288,17844405,1
988955288,138676022,1
988955288,1204613111346425857,1
988955288,624394541,1
988955288,1349540062174859265,1
988955288,1253826742453768193,1
988955288,1253611821304446978,1
988955288,937905229831524352,1
988955288,26569637,1
988955288,3881027775,1
988955288,450103254,1
988955288,323531129,1
988955288,1340062762387595266,1
988955288,1136090157248065536,1
988955288,986395415359705088,1
988955288,864576775560589312,1
1170500438392807424,34358465,1
1170500438392807424,703375441,1
1170500438392807424,816917815,1
1170500438392807424,564075040,1
1170500438392807424,3383664244,1
1170500438392807424,12695752,1
1170500438392807424,1152156706224427008,1
1170500438392807424,1067684366569005056,1
1170500438392807424,18759665,1
1170500438392807424,2582319235,1
1170500438392807424,17503069,1
1170500438392807424,348979436,1
1170500438392807424,2243257760,1
1170500438392807424,1068563533003137025,1
1170500438392807424,215088895,1
1170500438392807424,3152812527,1
28489821,471121755,1
28489821,824765933159854080,1
28489821,1198836817,1
28489821,967670403421392896,1
28489821,1228301529972649984,1
28489821,800186236027604993,1
28489821,1321134820894846976,1
28489821,4032990322,1
14216123,369386773,1
14216123,156842393,1
14216123,313459378,1
14216123,344951678,1
14216123,1012506218252918784,1
14216123,1059978379011743749,1
14216123,265743189,1
14216123,2450594752,1
14216123,1087792417028354053,1
14216123,1035231289329283072,1
14216123,1039331642035331072,1
14216123,1170444753025978370,1
14216123,315178095,1
14216123,1151448967,1
14216123,996566787306262528,1
14216123,364568289,1
14216123,1243382060766523393,1
14216123,47116444,1
14216123,1869544508,1
14216123,1093578314021621760,1
14216123,260294797,1
14216123,74878215,1
14216123,17134730,1
14216123,1027624633061859329,1
14216123,435481222,1
14216123,151210100,1
14216123,1347381413855825920,1
14216123,1305775734259150848,1
14216123,1231332211120627712,1
14216123,1164949190314778626,1
14216123,742617806,1
14216123,2666402195,1
14216123,1272170738124861450,1
14216123,158160447,1
14216123,2861652221,1
14216123,16090817,1
14216123,2897955158,1
14216123,392555489,1
14216123,24947901,1
14216123,1349767680144900101,1
14216123,2287548648,1
14216123,426123679,1
14216123,735934278,1
14216123,22503486,2
14216123,2601919380,1
14216123,239492739,1
14216123,1013169619044093954,2
14216123,3046454592,1
14216123,1340622976740450304,1
14216123,96653066,1
14216123,26059386,1
14216123,36877779,2
14216123,185370909,1
14216123,1026819747457982465,1
14216123,977367115228332032,2
14216123,3177408435,1
14216123,884861907219468290,1
14216123,1227636870277976065,1
14216123,500078677,1
14216123,587511036,1
14216123,118901285,2
14216123,229243440,1
14216123,1349654839848910849,1
14216123,15112000,1
14216123,1299405093972967431,1
14216123,129837927,1
14216123,1330392869862072322,1
14216123,1258049226094915586,1
14216123,806719706770116608,1
14216123,1640496104,1
14216123,56204191,1
14216123,1275407666320465924,1
14216123,15281391,2
14216123,1208188588342599680,1
14216123,1332388640819982336,1
14216123,867243298938925056,2
14216123,2862661081,1
14216123,24762118,1
14216123,3700990397,1
14216123,2567794689,1
14216123,919757228,1
14216123,460581317,1
14216123,345475846,1
14216123,221103852,1
14216123,393638656,2
14216123,1159986957356634112,1
14216123,1321469092923121667,1
14216123,1022734867,1
14216123,584493130,1
14216123,598132956,1
14216123,1007974747,1
14216123,334882778,1
14216123,1248446255233150979,1
14216123,66807019,1
14216123,836958368,1
14216123,1262524323237150721,1
14216123,480006530,1
14216123,985090779965255681,2
14216123,504027031,1
14216123,1023647199803129856,1
14216123,1291793591673556992,1
14216123,255359117,1
14216123,1349575323617169419,1
14216123,791691410,1
14216123,158203086,1
14216123,1316990119757348864,2
14216123,26113509,1
14216123,4691522054,1
14216123,987098457260388352,1
14216123,1345779573485694976,1
14216123,494474046,1
14216123,320516776,1
14216123,69072504,1
14216123,856708977912037376,1
14216123,21826347,1
14216123,994035659382935553,1
14216123,1032936737843101696,1
14216123,1081643357607096320,1
14216123,368711036,1
14216123,248468898,1
14216123,1711387765,1
14216123,1337580388835790848,1
14216123,868983775832797184,1
14216123,1289258912303194119,1
14216123,256056145,1
14216123,978126128,1
14216123,859416120524247040,1
14216123,1315776205665177601,1
14216123,82447755,1
14216123,221930335,1
14216123,2730301340,1
14216123,592454308,1
14216123,184649744,1
14216123,2944496274,1
14216123,1043337486716481536,1
14216123,857350327112040449,1
14216123,1059862476689297409,1
14216123,952586468823674880,1
14216123,1263930929304817667,1
14216123,1288249824639356929,1
14216123,1215479954940616704,1
14216123,1313136236215889924,1
14216123,1226313993020637186,1
14216123,283253016,1
149571760,1076970846,1
149571760,1724043158,1
149571760,331682611,1
149571760,165477681,1
149571760,144138701,1
149571760,1271450890231263234,1
149571760,3153329923,1
149571760,1183775406018695168,1
149571760,1344403011519524871,1
149571760,1259593528675577857,1
149571760,1053799410499387394,1
149571760,958367738338140160,1
149571760,1349829656258764801,1
149571760,814917622063996928,1
149571760,2894100700,1
149571760,955855163604066306,1
149571760,3182534497,1
149571760,3072531730,1
149571760,1352271878690320385,1
149571760,1273603221802663937,1
149571760,180820609,1
149571760,1424640954,1
149571760,1342962378846187532,1
149571760,2933651223,1
149571760,836394039922552833,1
149571760,1031526808095784960,1
149571760,2828319110,1
149571760,1068528501093998592,1
149571760,738838245111275520,1
149571760,293056368,1
149571760,443918805,1
149571760,369386773,1
149571760,1932655238,1
149571760,21815667,1
149571760,706429738,1
149571760,40745366,1
149571760,1533387092,1
149571760,932271127648489473,1
149571760,112850579,1
149571760,165642094,1
149571760,122250056,1
149571760,735621116,1
149571760,2953775248,1
149571760,1369919335,1
149571760,1971988639,1
149571760,1112765335042699265,1
149571760,279726987,1
149571760,1580555131,1
149571760,2889424421,1
149571760,267903650,1
149571760,2855542157,1
149571760,213805076,1
149571760,516273728,1
149571760,148243590,1
149571760,23928626,1
149571760,1203520087938027520,1
1614322304,2541922591,1
1614322304,2556868939,1
1358146357,710305681048510464,1
1358146357,1330824207299727360,1
1358146357,892369911862972417,1
1358146357,1142453041364385794,1
3376824064,1271850719314919429,1
3376824064,1144815438423121921,1
3376824064,336116161,1
3376824064,2330809224,2
3376824064,1348951426828034048,2
3376824064,1544867209,2
3376824064,139920793,1
3376824064,804740260756410368,1
3376824064,865657705649684482,1
3376824064,1351237694958022658,1
3376824064,1198485101560160256,1
3376824064,956543213900361728,1
3376824064,369183832,1
3376824064,1257732652079239168,1
3376824064,987098457260388352,1
3376824064,227209725,1
1267313252486307840,1171815707463618567,1
1267313252486307840,1187924357789691904,1
1267313252486307840,571150005,1
1267313252486307840,702187667107266560,1
1267313252486307840,2730301340,1
1267313252486307840,1043193465570512896,1
1267313252486307840,1107353063453536256,1
1267313252486307840,3128115509,1
1267313252486307840,1351224659015045122,1
1267313252486307840,617730160,1
1267313252486307840,1329255405848027137,1
1267313252486307840,1614322304,1
2704294333,991829723889233920,1
2704294333,3020171880,1
2704294333,1099102523405811712,1
2704294333,2341719841,1
2704294333,1310638531069521927,1
2704294333,306749953,1
2704294333,3142271018,1
2704294333,4706623669,1
2704294333,1281802263024021505,1
2704294333,195546289,1
2704294333,983301605813563392,1
2704294333,994035659382935553,1
2704294333,4382570173,1
2704294333,504873813,1
2704294333,1296602439034875905,1
2704294333,500078677,1
2704294333,1016161763472105472,1
2704294333,327390909,1
2704294333,573866808,1
2704294333,1110507084666163200,1
2704294333,48514037,1
1181680350541553666,1349451503145259008,1
1181680350541553666,2541922591,1
1181680350541553666,3180871297,1
1181680350541553666,266069798,1
1181680350541553666,851989344147648512,1
1181680350541553666,3218692340,1
1181680350541553666,777784417762803712,1
1181680350541553666,2291650634,1
1181680350541553666,326918847,1
1181680350541553666,713005092123897856,1
1181680350541553666,1346113159912955904,1
1181680350541553666,2671539601,1
1181680350541553666,1350143538298699776,1
1181680350541553666,1298054545633812481,1
1181680350541553666,2781720788,1
1181680350541553666,2731122710,1
1181680350541553666,320650845,1
1181680350541553666,209331179,1
1181680350541553666,709528490496954368,1
1181680350541553666,858107583529336832,1
1181680350541553666,375348695,1
1181680350541553666,1007683444556435456,1
1181680350541553666,1345056311193559045,1
1181680350541553666,98790106,1
1181680350541553666,212844897,1
1181680350541553666,197539747,1
1181680350541553666,528914904,1
1181680350541553666,1072078350594793472,1
1181680350541553666,2966889492,1
1242932824467963911,418036639,1
1242932824467963911,1253092296536530944,1
1242932824467963911,1068528501093998592,1
1242932824467963911,800454959468716032,1
1242932824467963911,1245717496167985154,1
1242932824467963911,1145728423534485504,1
1242932824467963911,1300500438077374464,1
1242932824467963911,979044373722750978,1
1273603221802663937,1331895439898144768,1
1273603221802663937,196897026,1
1273603221802663937,1025004192413483013,1
1273603221802663937,1329255405848027137,1
714051110,3400339991,1
714051110,1301940215037267970,1
714051110,2856723357,1
714051110,1245024537948848129,1
714051110,1326649340845314049,1
714051110,1225059752130088960,1
714051110,928794600197652482,1
714051110,2917537516,1
714051110,999931651881828353,1
714051110,260530365,1
714051110,2305562935,1
714051110,140641561,1
714051110,1327388613127106560,1
714051110,43730427,1
714051110,866303585591676928,1
714051110,1195384883599888384,1
714051110,15982731,1
714051110,1333271594207047680,1
714051110,488147522,1
714051110,3374735543,1
714051110,988269279517822976,2
714051110,1350399103105163264,1
714051110,50737266,2
714051110,1251587559400124416,1
714051110,1271951749994119168,1
714051110,1249329611919458304,1
714051110,717872894836023297,1
714051110,126607813,1
714051110,31667040,1
714051110,1145492567880024070,1
714051110,1019032993,1
714051110,1376160512,1
714051110,701202997095833600,1
714051110,1296053583377575937,1
714051110,2273818478,1
714051110,1343642441518342144,1
714051110,4194811094,1
714051110,765555132939501568,1
714051110,1146862771,1
714051110,1258102751415934981,1
714051110,914473938696261632,1
714051110,530801261,1
714051110,357271059,1
714051110,40745366,1
714051110,836958368,1
714051110,2773440625,1
714051110,2436162310,1
714051110,3022479386,2
714051110,2821261137,1
714051110,1230367223614754816,1
714051110,1267213270978449408,1
714051110,1099102523405811712,2
714051110,477057545,1
714051110,292680586,1
714051110,365648226,1
714051110,1272996139336417283,1
714051110,932271127648489473,1
714051110,3871041979,1
714051110,64758428,1
714051110,3238539719,1
714051110,1258378220090658816,1
714051110,3299663681,1
714051110,1159139117768335360,1
714051110,1208927910553370624,1
714051110,24466044,1
714051110,1054415319568146434,1
714051110,1633428576,1
714051110,999330836527964160,1
714051110,24609836,1
714051110,389281501,1
714051110,1114065715420651520,1
714051110,869271437978329088,1
714051110,1733209309,1
714051110,1310780066184327168,1
714051110,552855643,1
714051110,3398871555,1
714051110,124425932,1
714051110,424921610,1
714051110,1096494214593105921,1
714051110,1097210117051822080,1
714051110,458744467,1
714051110,634680682,1
714051110,1296323977024081920,1
714051110,284691665,1
714051110,1208188588342599680,1
714051110,286848540,1
714051110,936991479788122112,1
714051110,1073709964206792704,1
714051110,1196185240152215553,1
714051110,836394039922552833,1
714051110,880874908003258369,1
714051110,926868000803868672,1
714051110,819628505038196736,1
714051110,1195775541254742016,1
714051110,601172648,1
714051110,184637214,1
714051110,64033790,1
714051110,817007725666242561,1
714051110,348541395,1
714051110,801437180,1
714051110,35034459,1
25762392,2848942445,1
25762392,1333290886734737408,1
236953420,1268989506901938181,1
236953420,4069235729,1
236953420,2239245727,1
236953420,2231584570,1
236953420,232446346,1
236953420,1093578314021621760,1
236953420,1442726120,1
236953420,1332144387078418432,1
236953420,977482594500489217,1
236953420,452387176,1
236953420,1254596344792190976,1
236953420,2174969167,1
236953420,113060573,1
236953420,1110047256,1
236953420,37101123,1
236953420,1164003593218854914,1
236953420,2904329885,2
236953420,751238964808290304,1
236953420,4128270593,1
236953420,434526754,1
236953420,1041117486,1
236953420,1945392656,2
236953420,148243590,1
236953420,1275541819900772358,1
236953420,1251255896249896960,1
236953420,919744617502752773,1
236953420,3132686665,1
236953420,2936972742,1
236953420,1213866127463313408,1
236953420,1070756479081332737,1
236953420,4022098885,1
236953420,868983775832797184,1
236953420,1330392869862072322,1
236953420,91340885,1
236953420,1308828706136227841,1
236953420,118794845,1
236953420,2834130400,1
236953420,1304090854949257216,1
236953420,3092486099,1
236953420,3399695991,1
236953420,72462991,1
236953420,1199813790373752834,1
236953420,978689928694464514,1
236953420,569538412,1
236953420,799191135902199808,1
236953420,420096258,1
236953420,489901134,1
1531882200,346083075,1
1531882200,28626088,1
1133501569025085440,935778698,1
1133501569025085440,2837536399,1
1133501569025085440,28055574,1
1133501569025085440,4145791269,1
1133501569025085440,2337018953,1
1133501569025085440,4497430463,1
1133501569025085440,25950116,1
1133501569025085440,2905342081,1
1133501569025085440,3050567256,1
1133501569025085440,1250504074727915521,1
1133501569025085440,564075040,1
1133501569025085440,29787662,1
3209498248,2964381029,1
3209498248,44060322,2
3209498248,4915265059,1
3209498248,2689740745,1
3209498248,240188863,1
3209498248,532063345,1
565969885,14624231,1
565969885,1136370591517290496,2
565969885,1254870051347468288,1
565969885,1095911908660703232,1
565969885,36162717,1
565969885,1052057277321101312,1
1190077599793532930,1024727085313613824,1
1190077599793532930,392371630,1
1190077599793532930,171277024,1
1190077599793532930,1239277380839014403,1
1190077599793532930,285720117,1
1190077599793532930,1289588920485842944,1
1190077599793532930,7811672,1
1190077599793532930,785185208559480832,1
3241126108,1232756592384315393,1
3241126108,116498695,1
3241126108,1191050703495745536,1
3241126108,1117148498330312705,1
3241126108,3289047373,1
3241126108,224837045,1
3241126108,1136370591517290496,1
3241126108,1349690904462897152,1
3241126108,430129969,1
3241126108,3895853063,1
3241126108,363766025,1
3241126108,743136909031923712,1
3241126108,138978149,1
3241126108,218226632,1
3241126108,1181573092319072257,1
3241126108,592454308,1
3241126108,314996895,1
3241126108,834181906388307968,1
3241126108,1316542842362355712,1
3241126108,1120444650735554560,1
3241126108,1130589715663605766,1
3241126108,3140627612,1
3241126108,36162717,2
3241126108,1136777911178997761,1
3241126108,4785411781,1
3241126108,17142880,1
3241126108,2590051318,1
3241126108,3422440317,1
607368348,341715974,1
341715974,1350447974577537029,1
341715974,1136370591517290496,1
341715974,341715974,1
1161703589942878208,1287117074838491141,1
1161703589942878208,86353597,1
1161703589942878208,25349245,1
1161703589942878208,1093578314021621760,1
1161703589942878208,51101321,1
1161703589942878208,1298584244642619392,1
1161703589942878208,1170852346701565952,1
1161703589942878208,1055651507973038082,1
1161703589942878208,1308101156334305280,1
1161703589942878208,2413221252,1
1161703589942878208,129837927,1
44060322,1271402129023008769,1
44060322,2155025374,2
44060322,1154752242190172160,1
44060322,1314614196353597441,1
44060322,1123768600836366337,1
44060322,975027896,1
44060322,1184668888937779200,1
44060322,38533590,1
44060322,127999781,1
44060322,1329068469179068417,1
44060322,353378664,1
44060322,3657065181,1
44060322,80697114,1
44060322,2621547619,1
44060322,4785411781,1
44060322,225947100,1
44060322,4904012693,1
44060322,1127082156,1
44060322,1218760088481083392,1
44060322,1097305560473526277,1
44060322,2977281861,1
44060322,632450368,1
44060322,1323408301812600838,1
44060322,1336991434260537345,1
44060322,67523193,1
44060322,2349350726,1
44060322,51328945,1
44060322,871998714,1
44060322,19938868,1
44060322,1200558573371187201,1
44060322,843981393315139584,2
44060322,1282461934521135105,1
44060322,987098457260388352,2
44060322,1226349959773130752,1
44060322,2443680175,1
44060322,2450136595,1
44060322,1244302910990594049,1
44060322,1149046671696732160,1
44060322,792880638529380356,1
44060322,943883051989221376,1
44060322,1064753844,1
44060322,3072531730,1
44060322,527031450,1
44060322,154994574,1
44060322,901349807490572288,1
44060322,430841130,1
44060322,384645772,1
44060322,411259340,1
44060322,980500779059630080,2
398437761,994035659382935553,1
398437761,1011273546595643392,1
398437761,530801261,1
398437761,1299727180851818496,1
398437761,981208338036912128,1
398437761,260543181,1
1200616796295847936,30262363,1
1200616796295847936,1287773643137789952,1
1200616796295847936,991758546,1
1200616796295847936,238719322,1
1200616796295847936,2877016107,2
1200616796295847936,1258931486431952897,2
1200616796295847936,1251642823088185345,1
1200616796295847936,1286763882,1
1200616796295847936,3028255067,1
1200616796295847936,821226440326844416,1
1200616796295847936,395371123,1
1200616796295847936,1244440553175089158,1
1200616796295847936,524957982,1
1200616796295847936,840890052,1
1200616796295847936,473688699,1
1200616796295847936,3087557736,1
1200616796295847936,1275744827917950976,1
1200616796295847936,1130575342995795968,1
1200616796295847936,271223447,1
1200616796295847936,1281757673529069568,1
1200616796295847936,91500089,1
1332761555059027972,2848942445,1
11247222,23390520,1
11247222,1312117661380366338,1
11247222,36162717,1
11247222,4381017555,1
11247222,584161344,1
11247222,1255638938737205248,1
11247222,3266561940,1
11247222,1270821960147230726,1
11247222,1338027861517742080,1
11247222,1253777094229856256,1
11247222,1313239532075053058,1
11247222,1097574469755760640,1
11247222,1134343166331482112,1
11247222,601179104,1
11247222,138404716,1
11247222,595401400,1
25163231,140641561,2
25163231,28093810,1
25163231,994035659382935553,1
25163231,35163614,1
25163231,920586383109980161,1
1266935709568466945,1296602439034875905,1
1266935709568466945,1314765918216609792,1
1134049078424162304,1321134820894846976,1
1321134820894846976,1321134820894846976,1
758386485846544384,2806648581,1
758386485846544384,23031200,1
758386485846544384,130398640,1
758386485846544384,313038273,1
758386485846544384,1346511198070603777,1
758386485846544384,1196244598106083328,1
758386485846544384,219212754,1
758386485846544384,957708959086886912,1
758386485846544384,845055232623095808,1
758386485846544384,3221527074,1
758386485846544384,1169164369071984640,1
758386485846544384,1305933846534291457,1
758386485846544384,951259255998312449,1
758386485846544384,153443130,1
758386485846544384,1229884020768460800,1
758386485846544384,121291403,1
758386485846544384,1864237165,1
758386485846544384,1351301696836804610,1
758386485846544384,954745346277638144,1
758386485846544384,1385035722,1
758386485846544384,1299345284183535618,1
758386485846544384,19954464,1
758386485846544384,334137156,1
758386485846544384,1234621869241794560,1
758386485846544384,1129180121846312961,1
758386485846544384,905540398994612227,1
758386485846544384,1331592644116430848,1
758386485846544384,3015736335,1
758386485846544384,22893805,1
758386485846544384,448755168,1
758386485846544384,1157525465029984258,1
758386485846544384,1280724779755081728,1
758386485846544384,586027597,1
758386485846544384,3053029477,1
758386485846544384,607347778,1
758386485846544384,1349209722755289088,1
758386485846544384,348794792,1
758386485846544384,1275786584399339520,1
758386485846544384,1119627193355853831,1
758386485846544384,1036429368162050048,1
758386485846544384,50175926,1
758386485846544384,915633861425496064,1
758386485846544384,1154777699388403715,1
758386485846544384,710259411323854848,1
758386485846544384,499202398,1
758386485846544384,761555706,1
758386485846544384,1149320243803774981,1
758386485846544384,1139189832486465542,2
758386485846544384,1430796462,1
758386485846544384,2693347574,1
758386485846544384,1056765061,1
758386485846544384,1181389324102897664,1
758386485846544384,99453151,1
758386485846544384,575590636,1
758386485846544384,1311430104447356928,1
758386485846544384,311741137,1
758386485846544384,231978930,1
758386485846544384,1253359576575082496,1
758386485846544384,108450280,1
758386485846544384,580014096,1
758386485846544384,179086097,1
758386485846544384,112433552,1
758386485846544384,846394838,1
758386485846544384,38136045,2
758386485846544384,1234355970823933955,1
758386485846544384,1321482541891784706,1
758386485846544384,1280344395024404481,1
758386485846544384,139935198,1
758386485846544384,589330016,1
758386485846544384,1210344557520572417,1
758386485846544384,500809422,1
758386485846544384,430968310,1
758386485846544384,1172128719848316928,1
758386485846544384,3600017529,1
758386485846544384,2327739133,1
758386485846544384,4554855972,1
758386485846544384,1340127678909853697,1
758386485846544384,1029475346,1
758386485846544384,86439771,1
758386485846544384,1273989687301017600,1
758386485846544384,3017626887,1
758386485846544384,2782441017,1
758386485846544384,591967473,1
758386485846544384,1258120768421941248,1
758386485846544384,1041176187161108480,1
758386485846544384,1347986892562833408,1
758386485846544384,20158190,1
758386485846544384,45640092,1
758386485846544384,400916118,1
758386485846544384,1702482906,1
758386485846544384,19148239,1
758386485846544384,1346884646060105728,1
758386485846544384,1237539337648181248,1
758386485846544384,865572664772931584,1
758386485846544384,1145567046735925248,1
758386485846544384,1022695627719880705,1
758386485846544384,1304030660382928898,2
758386485846544384,1227928894101164038,1
758386485846544384,1348822582418665474,1
758386485846544384,349171067,1
758386485846544384,215889220,1
758386485846544384,313459378,1
758386485846544384,97317136,1
758386485846544384,296572171,1
758386485846544384,118901285,2
758386485846544384,1316446803697467400,1
758386485846544384,3247412726,2
758386485846544384,156684135,1
758386485846544384,1121233586038796289,1
758386485846544384,308144180,1
758386485846544384,1274479299031171078,1
758386485846544384,792707646,1
758386485846544384,1351842089898655747,1
758386485846544384,1186711096238968834,1
758386485846544384,40823651,1
758386485846544384,41260356,1
758386485846544384,2332232034,1
758386485846544384,348541395,1
758386485846544384,1204588340336562181,1
758386485846544384,588069330,1
758386485846544384,847473456,1
758386485846544384,1329255405848027137,1
758386485846544384,892369911862972417,1
758386485846544384,1174112912992034816,1
758386485846544384,298609776,1
758386485846544384,35163614,1
758386485846544384,2164228564,1
758386485846544384,1287798694167941120,1
1018324467758465024,1253803013027835906,1
1018324467758465024,1200558573371187201,1
1018324467758465024,1170180730179248128,1
1018324467758465024,987098457260388352,1
1018324467758465024,449469861,1
1117148498330312705,1321134820894846976,1
15971805,410151213,1
15971805,981265532539326464,1
15971805,34412672,3
15971805,1727455298,1
15971805,1347720952419901440,1
15971805,1042077705070673920,1
15971805,1662158222,1
15971805,36162717,3
15971805,903985567075106816,1
15971805,1352419077751500806,1
15971805,112589810,1
15971805,444355373,1
15971805,1339436216152952834,1
15971805,1025004192413483013,1
15971805,1281999421270568967,1
15971805,2590051318,1
15971805,241754213,1
15971805,1333858567334539266,1
15971805,1270507399598739459,1
15971805,1326678790488125443,1
15971805,36055104,1
15971805,950512418878193664,1
15971805,351337574,1
15971805,371536112,1
15971805,84870776,1
15971805,1910364066,1
1047325862675324928,699813977480560640,1
1047325862675324928,1240007564219351049,1
1047325862675324928,1319722289643048960,1
1047325862675324928,1207569110491631617,1
1047325862675324928,1273731851111333889,1
1047325862675324928,63037677,1
1047325862675324928,138978149,1
1047325862675324928,1228720328194625536,1
1047325862675324928,1301314589280305156,1
119758732,1265402142430498817,1
119758732,245119534,1
119758732,620512485,1
119758732,368504904,1
119758732,206421728,1
119758732,212729742,1
119758732,970000499322875904,1
119758732,411047562,1
119758732,1200628325523300353,1
119758732,31169625,1
119758732,1307615558066671616,1
119758732,1267818181566980098,1
119758732,2210885230,1
119758732,3534329175,1
119758732,2567794689,2
119758732,1275541819900772358,1
119758732,17503069,1
119758732,570222582,1
119758732,280142784,1
119758732,262013016,1
119758732,1120253656870326272,1
119758732,180559821,1
119758732,295147321,1
119758732,35604995,1
119758732,522772562,1
119758732,2511443192,1
1244440553175089158,1352136918058872832,1
1244440553175089158,1330392869862072322,1
1244440553175089158,492806162,1
1244440553175089158,18656116,1
1244440553175089158,570960265,1
1244440553175089158,1107353063453536256,1
1244440553175089158,443999155,1
1244440553175089158,568376512,1
1244440553175089158,1640496104,1
1244440553175089158,1269238398587453440,1
1244440553175089158,1017803190903791616,1
1244440553175089158,1188765329033453569,1
1244440553175089158,1292925141702377472,1
1244440553175089158,1346818418779934721,1
1244440553175089158,1291179884258242560,1
1444909723,1321134820894846976,1
1444909723,1305819519131164673,1
1444909723,9962402,1
1444909723,1140574674776154113,1
1444909723,832284196898902016,1
1444909723,33708874,1
1444909723,3286805186,1
1444909723,2887713523,1
1444909723,948397574700130309,1
1444909723,1336991434260537345,1
1444909723,1348760234966319107,1
1444909723,1352007249867243528,1
1444909723,3700990397,1
1444909723,919757228,1
1444909723,1248446255233150979,1
1444909723,24703832,1
1444909723,15281391,1
1444909723,14216123,1
1444909723,18789002,1
243318995,1283317241895743488,1
243318995,1232829758288908288,1
243318995,1281241282980036609,1
243318995,1345263740464164864,1
243318995,390512879,1
243318995,70266410,1
243318995,140916777,1
243318995,3189258547,1
243318995,714967964924116992,1
243318995,1241627112563343360,1
243318995,1058063544070082560,1
243318995,140123191,1
243318995,1054937501104771074,1
243318995,1068280213421740032,1
243318995,3067508638,1
243318995,19210171,1
243318995,369755859,1
243318995,217592173,1
243318995,266362178,1
243318995,122872135,1
243318995,2966485097,1
243318995,2941128072,1
243318995,949619698387349505,1
243318995,1085994084647370752,1
243318995,1081580518729232385,1
243318995,100908608,1
243318995,3055998124,1
243318995,84335057,1
243318995,165642094,1
243318995,26318069,1
243318995,21967840,1
243318995,376876596,1
243318995,208633408,1
243318995,20587075,1
243318995,1056159086054686720,1
243318995,579898337,1
243318995,175576617,1
243318995,1112168998144086017,1
243318995,1596097860,1
243318995,2457281755,1
243318995,93424287,1
243318995,2169254353,1
243318995,194420472,1
2941122879,1327346227244007424,1
2941122879,26688354,1
2941122879,494299332,1
2941122879,1254432954971033608,1
2941122879,1244063728691109889,1
2941122879,1288847334282006534,1
2941122879,1323385370910875649,1
2941122879,1104964307064971265,1
2941122879,4069235729,1
2941122879,278748898,1
2941122879,794108792,1
2941122879,1329255405848027137,1
2941122879,864910003576164352,1
2941122879,243367324,1
2941122879,441248955,1
2941122879,704770086075277312,1
2941122879,985090779965255681,1
2941122879,859416120524247040,1
2941122879,3345334425,1
2941122879,2500444339,1
2941122879,1267918268616015874,1
2941122879,17142880,1
2941122879,2511443192,1
2941122879,36362392,1
2941122879,1295090989678448642,1
2941122879,97601478,1
2941122879,227209725,1
2941122879,1077523279,1
2941122879,777365120,1
2941122879,744226845118201856,1
2941122879,891677723738816512,1
2941122879,500069804,1
1281789774563627009,1230879338,1
1281789774563627009,39363886,1
1533387092,1283317241895743488,2
1533387092,18675747,1
1533387092,2969492643,1
1533387092,760941964812582912,1
1533387092,1125531255674687489,1
1533387092,920552526738546688,1
1533387092,1533387092,1
1533387092,51062303,1
1533387092,1943378179,1
1533387092,773965481556541441,1
1533387092,1245906268306509824,1
1533387092,1034483062116110337,1
1533387092,797580337538797568,1
1533387092,1325842276803891200,1
1533387092,747843628869922816,1
1533387092,574149008,1
1533387092,977135113,1
1533387092,1284835625972248577,1
753586928361046016,1032936737843101696,1
1342087979297361920,434526754,1
1342087979297361920,1348237484266844160,1
1153850286273957888,2848942445,1
19988458,1225059752130088960,1
19988458,1260762319510011904,1
987343085251317760,845844370406326272,1
987343085251317760,711603302,1
987343085251317760,371089969,1
987343085251317760,1344384002400997376,1
202375506,994035659382935553,1
202375506,2231584570,1
202375506,1266612884878102528,1
202375506,267903650,1
1031526808095784960,1259997737799434240,1
2172787959,518599092,1
2172787959,34074615,1
2172787959,141733874,1
2172787959,348541395,1
15281391,2340005016,1
15281391,1013169619044093954,1
15281391,1219629851499466752,1
15281391,566740966,1
15281391,214747208,1
15281391,3700990397,1
15281391,977367115228332032,1
15281391,1237994228229328896,1
15281391,829183765201166336,1
15281391,936991479788122112,1
15281391,24288386,1
15281391,1444909723,1
15281391,14216123,1
2292279792,743136909031923712,1
2292279792,1340757944292544515,1
2292279792,3489736273,2
2292279792,170328469,1
2292279792,89225644,1
916131323395395585,3044944951,2
916131323395395585,922193742626545664,1
916131323395395585,1274121995437948930,1
349249475,1133990938357854209,1
349249475,1170444753025978370,1
349249475,1209988600680595456,1
349249475,1156273018777194496,1
349249475,163163128,1
1399808407,323531129,1
2902349190,2845454911,2
2902349190,1351881042433552384,1
2902349190,1347722365967290368,1
2902349190,1229223732230545409,2
2902349190,1349976406625804290,1
2902349190,811298484968099841,1
2902349190,748494156255866880,1
2902349190,1351545088841838595,2
2902349190,909939404159848448,1
2902349190,1256512526378033153,1
2902349190,3476616017,1
2902349190,284323758,1
2902349190,93667733,1
2902349190,1607612636,1
2902349190,1352673094108917762,1
2902349190,1350935106626707457,1
2902349190,1198271289305124865,1
2902349190,1250475764954198016,1
2902349190,23832753,1
2902349190,1287946222377017347,1
2902349190,22726860,1
2902349190,225297558,1
2902349190,50556699,1
2902349190,2337319501,1
2902349190,725646688854020096,1
2902349190,1257245958917591045,1
2902349190,1351886081671766017,1
2902349190,1315470691597254657,1
2902349190,2279161861,1
2902349190,936885572404051968,1
2902349190,239536740,1
2902349190,2162035175,1
2902349190,2804619818,1
2902349190,1240522977583693824,1
2902349190,1112897968078798848,1
2902349190,62269179,1
2902349190,1351921754890006529,1
2902349190,415275968,1
2902349190,2269670144,1
2902349190,289979897,1
2902349190,1075882903102459906,1
2902349190,426123679,1
2902349190,971171749629853696,1
2902349190,1351605801257938946,1
1351838162801356802,1136370591517290496,1
1019985498662670337,1136370591517290496,1
1019985498662670337,409582786,1
1019985498662670337,756411806,1
1019985498662670337,1115770215286038528,2
1019985498662670337,1158812701038194694,1
1019985498662670337,1369919335,1
1019985498662670337,29748111,1
1019985498662670337,55991139,1
1019985498662670337,3029204524,1
1019985498662670337,369685839,2
1019985498662670337,2996161037,1
1019985498662670337,1038818233254461440,1
1019985498662670337,283328930,1
1293404946834972673,1136370591517290496,1
1352392114148093954,1140725219050577922,1
1352392114148093954,1136370591517290496,1
810031124063731712,1136370591517290496,1
810031124063731712,1290410047986524160,1
810031124063731712,1271324064443805696,1
1180701690,1328708872593432576,1
1180701690,1154777699388403715,1
1180701690,470467626,1
1180701690,915633861425496064,1
1180701690,224756196,1
1180701690,1945317565,1
1313957992631590912,1136370591517290496,1
931619061280268290,1136370591517290496,1
2378294428,1136370591517290496,2
2378294428,1340442012,6
2378294428,132158379,1
2378294428,883535942023360513,3
221192167,1136370591517290496,1
305571382,1136370591517290496,1
3700990397,2302304904,1
3700990397,499421209,1
3700990397,1251329872884109313,1
3700990397,1169348115196862464,1
3700990397,456247209,1
3700990397,171879225,1
1040643835020304384,1136370591517290496,1
943883051989221376,4721804660,1
943883051989221376,783759084298178562,1
943883051989221376,1300864584413315073,1
943883051989221376,1351637661648359424,1
943883051989221376,1442049138,1
943883051989221376,933346454554411009,1
943883051989221376,1083278983,1
943883051989221376,26443112,1
943883051989221376,3028255067,4
943883051989221376,1318684426054881281,1
943883051989221376,763100824780308481,2
943883051989221376,1146496541458411520,1
943883051989221376,33704717,1
943883051989221376,2200368650,1
943883051989221376,30820266,1
943883051989221376,1275779801069096960,1
943883051989221376,1255645119287570433,1
568403097,359850171,1
568403097,4597096844,1
568403097,81653032,1
574696909,1083147306810130433,1
574696909,1321134820894846976,1
184649744,287947918,1
780238626345119748,1091111735422009344,1
780238626345119748,1249788177113628677,1
780238626345119748,1038525770421993475,1
780238626345119748,283226572,1
780238626345119748,256918796,1
780238626345119748,1222825742674862080,1
780238626345119748,236017670,1
780238626345119748,794554907701506048,1
780238626345119748,572467909,1
780238626345119748,750304273490030592,1
780117217807593472,1727455298,2
780117217807593472,1197194912644685824,1
1267649553819488259,1330392869862072322,1
1267649553819488259,505517755,1
1267649553819488259,27312003,1
1183775406018695168,1034849765257883650,1
1344403011519524871,1344403011519524871,1
14096763,2693404599,1
14096763,15331347,1
14096763,1223331672407584769,1
14096763,461980345,1
14096763,18560146,1
14096763,369386773,1
14096763,149571760,1
14096763,704714689859743746,1
14096763,397041712,1
14096763,898199582,1
14096763,1208188588342599680,1
14096763,1344152500866310144,1
14096763,14379164,1
14096763,80769700,1
14096763,1192429184926277632,1
14096763,1304103022843367425,1
14096763,59970862,1
14096763,879137394615869440,1
14096763,114845234,1
14096763,363356310,1
14096763,1451821717,1
14096763,549524812,1
14096763,1048121156690235393,1
14096763,1665653426,1
14096763,18225673,1
1006956493567086592,915633861425496064,1
1006956493567086592,121986263,1
1250830691824283648,1340781918342791174,1
1250830691824283648,1299663078133510144,1
1250830691824283648,4873941,1
1250830691824283648,1251010312603664385,1
1250830691824283648,876843309771231233,1
1250830691824283648,879425960109633537,1
1250830691824283648,1308146893331902464,1
1250830691824283648,985090779965255681,1
1250830691824283648,125704428,1
1001192245,1305819519131164673,1
1299472763976118272,1308241207,2
1299472763976118272,1291541187350978563,1
55561590,1261425525093851138,1
55561590,800759587339046912,1
55561590,158641024,1
55561590,1330006124041474048,1
55561590,892369911862972417,1
55561590,2848942445,1
55561590,1352396967486369793,1
55561590,1318382934110490627,1
55561590,490131560,1
55561590,75583506,1
84402174,81653032,1
84402174,732295444815073283,1
1154616462230925317,1261425525093851138,1
1154616462230925317,794305881630445572,1
958367738338140160,951219953667137536,1
958367738338140160,58839514,1
958367738338140160,102833664,1
958367738338140160,398437761,1
1499852552,2399643970,1
1499852552,316939643,1
1499852552,412667232,1
1499852552,3700990397,1
1499852552,867243298938925056,1
1499852552,1289626645096275971,1
2334614718,1073250174191980544,1
2334614718,98028774,1
2334614718,732295444815073283,1
2334614718,292142673,1
2334614718,1507910088,1
2334614718,711603302,1
2334614718,35163614,1
2334614718,568376512,1
2334614718,2614824061,1
2334614718,2974029189,1
2334614718,2727715013,1
1142453041364385794,256134022,1
1142453041364385794,3939612196,1
1142453041364385794,571150005,1
1142453041364385794,1084471900842151936,1
1142453041364385794,287843534,1
1142453041364385794,179618272,1
1142453041364385794,962805945020702722,1
1253346751689289728,1864237165,1
17213701,1253359576575082496,1
69066734,566042994,1
69066734,284671565,1
69066734,1276607016404955141,1
69066734,1218921961839120390,1
69066734,932271127648489473,1
69066734,235675258,1
69066734,443999155,1
69066734,19337889,1
69066734,140916777,1
69066734,1290007376284835840,1
69066734,1227636870277976065,1
69066734,3700990397,1
69066734,378946273,1
69066734,1094037350290575360,1
69066734,26042891,1
69066734,39363886,1
69066734,1164949190314778626,1
69066734,30150430,1
69066734,1068528501093998592,1
69066734,260543181,1
69066734,977367115228332032,1
69066734,1134076939994632193,1
69066734,2457281755,1
69066734,278622358,1
69066734,21826347,1
69066734,516273728,1
69066734,1227708641530216448,1
69066734,40745366,1
69066734,867243298938925056,1
69066734,165642094,1
69066734,1091123190623944704,1
69066734,825787848179798016,1
69066734,1159139117768335360,1
69066734,994035659382935553,1
69066734,300082788,1
69066734,1250049743276904457,1
69066734,174817901,1
69066734,26015134,1
69066734,228774765,1
69066734,1473431,1
857693619406467072,1349061274429251587,1
857693619406467072,508769302,1
857693619406467072,108778022,1
857693619406467072,2378738474,1
857693619406467072,2361620633,2
857693619406467072,420096258,4
857693619406467072,174817901,1
857693619406467072,1042334540,1
857693619406467072,1293615166370783233,1
857693619406467072,187925499,1
857693619406467072,4887705397,1
857693619406467072,1263225545451601927,1
857693619406467072,184637214,2
857693619406467072,1004043977128054784,1
857693619406467072,616957454,1
857693619406467072,306950961,1
857693619406467072,2845736517,1
857693619406467072,1313424778145996801,1
857693619406467072,63908497,1
929808893168852992,1136370591517290496,1
929808893168852992,1255641952219025409,1
1352117106939056129,1136370591517290496,1
1349829656258764801,1344797849230344193,1
1119477527469338624,1136370591517290496,1
1293571052765937666,52349437,1
1293571052765937666,1184541391076122631,1
1293571052765937666,2291650634,1
1293571052765937666,1095520424467750912,1
1293571052765937666,2985172897,1
1293571052765937666,850872933400686597,1
1293571052765937666,1010241481293160448,1
1293571052765937666,1323452208692764673,1
1293571052765937666,1215356223777845254,1
1293571052765937666,1264237164289757189,1
1293571052765937666,867929010877190144,1
1293571052765937666,704160848,1
1293571052765937666,1161064942528692226,1
1293571052765937666,3077164771,1
1130601604418347008,276248759,1
214479702,1253803013027835906,1
214479702,4032990322,1
2975103519,16370204,1
2975103519,56539097,1
2975103519,1294820994734010368,1
2975103519,214624790,1
2975103519,877425305350045696,1
2975103519,1275497330490441728,1
2975103519,1321673171616092160,1
2975103519,568519246,1
2975103519,2470130528,1
2975103519,1053301,1
2975103519,14158766,1
2975103519,2881422017,1
2975103519,818530576088997888,1
2975103519,1352612483144544257,1
2975103519,14830140,1
2975103519,424921610,1
2975103519,4828981,1
2975103519,60204807,1
2975103519,1288676650595553280,1
2975103519,2606840725,1
2975103519,33518571,1
2975103519,1292924528620982272,1
2975103519,2965318857,1
2975103519,20402945,1
18719020,246725894,1
18719020,1351842089898655747,1
18719020,855633260,1
18719020,19270995,1
1291541187350978563,1330392869862072322,1
883535942023360513,2378294428,1
883535942023360513,1340442012,1
255996385,886591279404011520,1
255996385,1971988639,1
255996385,42241065,1
255996385,896469306,1
255996385,2939272455,1
255996385,16399949,1
18560146,2848942445,1
18560146,114845234,1
329838136,15885338,1
329838136,3632732656,1
329838136,5845492,1
329838136,612531618,1
329838136,148243590,1
329838136,285901764,1
329838136,593002564,1
329838136,1078471347288883200,1
329838136,1711281463,1
329838136,14940723,1
329838136,1041176187161108480,1
329838136,398437761,1
176788617,1136370591517290496,1
1282048126786789376,1314765918216609792,1
898199582,1120808018696916994,1
898199582,170328469,1
1180622595923820544,2541922591,1
1180622595923820544,24655424,1
1180622595923820544,801728990,1
1180622595923820544,420008190,1
1180622595923820544,1618712492,1
1180622595923820544,2808624490,1
1180622595923820544,2513777070,1
1180622595923820544,280142784,1
1180622595923820544,447545368,1
1180622595923820544,890012426829271040,1
1180622595923820544,1352331710210437128,1
1180622595923820544,304720964,1
1180622595923820544,1001579047766446083,1
1180622595923820544,118796348,1
1180622595923820544,559840635,1
1180622595923820544,16243084,1
1180622595923820544,215088895,1
1180622595923820544,3322027510,1
1180622595923820544,2440590218,1
1180622595923820544,352099842,1
1180622595923820544,1246217372962295813,1
1180622595923820544,1339050622323216384,1
1180622595923820544,4608015443,1
1180622595923820544,930817602741587968,1
1180622595923820544,1251509208534659072,1
1180622595923820544,1313861461048020995,1
4706746513,1136370591517290496,1
4706746513,987098457260388352,2
4706746513,1174413782942023680,1
1265748531211456512,1352334272632291328,1
1265748531211456512,1251360285845344260,1
1352334272632291328,2845454911,1
1352334272632291328,1388469690,1
1352334272632291328,1336778170947792897,1
836958368,836958368,1
1942043389,1000012786334883840,1
1942043389,1093646704044359680,1
1942043389,3433387319,1
1942043389,2693347574,1
1942043389,1305775734259150848,1
1942043389,780211255,1
1942043389,3995150543,1
1942043389,2826522992,1
1942043389,2842927727,1
1942043389,1351757381919789056,1
1942043389,243748899,1
1942043389,1349466526961823745,1
1942043389,1261041826733133825,1
1942043389,28117912,1
1942043389,1332080783025115137,1
1942043389,153524543,1
1942043389,1526531822,1
1942043389,1109946624,1
1942043389,181408008,1
1942043389,742763894796587008,1
1942043389,1351751901872852992,1
1942043389,3178989996,1
1942043389,1135750671062437889,1
1942043389,1310542092381249536,1
930773590227718144,1170852346701565952,1
930773590227718144,960744484790140929,1
930773590227718144,161900318,1
930773590227718144,1091123190623944704,1
930773590227718144,1308101156334305280,1
930773590227718144,1038667818181566464,1
1330006124041474048,377673854,1
1661029645,280309937,1
1661029645,867243298938925056,1
1661029645,763100824780308481,1
901997441033134080,2992666056,1
901997441033134080,390554636,1
901997441033134080,1025004192413483013,1
901997441033134080,1175235227213606914,1
901997441033134080,1296488227243724808,1
901997441033134080,31269158,1
901997441033134080,154994574,1
901997441033134080,1275779801069096960,1
901997441033134080,1270507399598739459,1
901997441033134080,41651076,1
901997441033134080,1199868265,1
901997441033134080,3028255067,1
901997441033134080,933647918,1
901997441033134080,1249876234202382343,1
28571999,19079350,1
28571999,1197878857602351105,1
28571999,842833790594703360,1
28571999,98028774,1
28571999,1624792704,1
28571999,1142453041364385794,1
28571999,869655716973490177,1
28571999,4069235729,1
28571999,1123327627,1
28571999,40260310,1
28571999,3700990397,1
28571999,1051066091823423488,1
28571999,987098457260388352,1
28571999,1243665419501744133,1
1073250174191980544,89370393,1
1073250174191980544,224756196,2
1073250174191980544,1136370591517290496,1
1073250174191980544,1321134820894846976,1
702154317596336128,13307832,1
702154317596336128,1344963672083292161,1
17324802,3325910554,1
1304453844483608576,1330006124041474048,1
704694594961707009,1279813859348566016,1
704694594961707009,2389017590,1
704694594961707009,963750694099529728,1
704694594961707009,1276607016404955141,1
704694594961707009,479916902,1
704694594961707009,940789829243195393,1
704694594961707009,1293923180868853763,1
704694594961707009,1242913219964010497,1
2855542157,1193383563967782912,1
896261737,1136370591517290496,1
516273728,1164949190314778626,1
516273728,1263758993211654144,1
516273728,3305098187,1
516273728,949940287,1
516273728,120752528,1
516273728,1288529803998527489,1
516273728,1091123190623944704,1
516273728,732295444815073283,2
516273728,24470290,1
516273728,1473431,1
516273728,474001264,1
516273728,1224764402278076416,1
516273728,149571760,1
148243590,148243590,3
1266425448126349327,417984063,1
1266425448126349327,865657705649684482,1
4765224798,1039331642035331072,1
4765224798,569538412,1
4765224798,1337020367844634624,1
4765224798,1694512892,1
1087973349211467777,1310542092381249536,1
20031601,2614833612,1
20031601,1219457157827121153,1
1316039813745774593,93667733,1
1316039813745774593,1041176187161108480,1
1159378359417053184,1310542092381249536,1
3146750005,3152812527,1
1328970899433738240,1136370591517290496,1
74878215,50556699,1
74878215,206421728,1
74878215,1314549493099106304,1
74878215,1336778170947792897,1
74878215,2845454911,1
1442726120,1321134820894846976,1
226283323,385196256,1
226283323,1184866751152046080,1
226283323,928649224492933120,1
226283323,725318136,1
226283323,1050459514741305344,1
1430796462,1283077865701904385,1
18378349,1051066091823423488,1
18378349,143651355,1
18378349,1321134820894846976,1
18378349,1310542092381249536,1
242143073,260986004,1
242143073,879100191512567808,1
242143073,765531895081807872,1
242143073,56048686,1
242143073,216251702,1
242143073,2586388284,1
242143073,1567061923,1
242143073,3113091424,1
242143073,903037117,1
242143073,519702588,1
242143073,358524161,1
242143073,2173059596,1
242143073,1136811681416470534,1
242143073,2385938046,1
242143073,616526446,1
242143073,38545018,1
242143073,708591362,1
242143073,228590514,1
242143073,2942212959,1
242143073,49814082,1
242143073,966748125544280065,1
242143073,3152812527,1
242143073,1679195515,1
242143073,293321476,1
242143073,1687228940,1
242143073,1011779229799862272,1
242143073,2364974972,1
28610422,3152812527,10
28610422,289979897,2
28610422,1316990119757348864,1
28610422,1059862476689297409,1
28610422,3284719886,2
28610422,57558763,1
28626088,571150005,1
28626088,1057931020203446274,1
28626088,24370623,1
811036878300291072,3152812527,3
811036878300291072,239492739,1
811036878300291072,289979897,1
811036878300291072,74878215,1
811036878300291072,1321134820894846976,1
811036878300291072,1333241257397665793,1
1025004192413483013,1291093682733670400,1
1025004192413483013,1057622941373026304,1
1025004192413483013,456159982,2
1025004192413483013,1275779801069096960,1
2982079961,3152812527,1
59485976,528146465,1
59485976,3128191778,1
59485976,2187021432,1
1311721056688840705,84950626,1
1311721056688840705,1310542092381249536,1
84950626,21826347,1
84950626,84950626,1
84950626,1038818233254461440,1
818481118483742720,1310542092381249536,1
818481118483742720,920586383109980161,1
3348487258,2693347574,1
3348487258,551051176,1
3348487258,1210523345835495424,1
3348487258,23716741,1
3348487258,1212682897414443010,1
3348487258,748515223393435649,1
3348487258,25033916,1
3348487258,113817192,1
3348487258,28612762,1
1279933724977623041,1025004192413483013,1
1279933724977623041,944856931512004609,1
1279933724977623041,1250049743276904457,1
28402887,1142453041364385794,1
1299424947207577608,1308021862123921416,1
20158190,701093173,1
411732401,316752119,1
411732401,1050459514741305344,1
73465112,901895099906392065,1
73465112,1282422353125937154,1
73465112,2730301340,1
2320755170,1347939053686185985,1
2320755170,574190667,1
2320755170,2324744461,1
2320755170,1347228005010182145,1
2320755170,1243665419501744133,1
2363049998,18645961,1
2363049998,854464650964062213,1
2363049998,1054415319568146434,1
2363049998,1312369470871146496,1
1328794293402787841,1333099256,1
1328794293402787841,1327022834749673472,1
1328794293402787841,420096258,1
1328794293402787841,895737000,1
2169254353,699117477037379584,1
2169254353,151955647,1
2169254353,468397401,1
2169254353,2330809224,1
2169254353,63908497,1
570754937,1025004192413483013,1
524959797,2848942445,1
1285319591640563712,1310542092381249536,1
1285319591640563712,2564965956,1
1285319591640563712,938823336032813057,1
1285319591640563712,131506459,1
1285319591640563712,1351645773319057414,1
1285319591640563712,855633260,1
1285319591640563712,1117857689671958535,1
1285319591640563712,19270995,1
1285319591640563712,2236497608,1
1285319591640563712,1077346793816510465,1
1285319591640563712,2190266296,1
1285319591640563712,18378349,1
1285319591640563712,1336778170947792897,1
1285319591640563712,118901285,1
1285319591640563712,18719020,1
1285319591640563712,143651355,1
1285319591640563712,934449879358861312,1
1285319591640563712,3178989996,1
1285319591640563712,177303432,2
1285319591640563712,700525197959430145,1
1285319591640563712,1351699492878180353,1
1285319591640563712,161497322,1
1285319591640563712,1352302440851226624,1
1285319591640563712,239492739,1
1285319591640563712,1345043547796475907,1
1285319591640563712,1269740570861322242,1
1285319591640563712,841894344512671744,1
1285319591640563712,28610422,1
1285319591640563712,550323195,1
1285319591640563712,1075882903102459906,1
1285319591640563712,712695656381546497,1
1285319591640563712,1242462254303412224,1
1285319591640563712,1377631526,1
619993559,1094037350290575360,1
472680358,570960265,1
1289588920485842944,709621977976180736,1
921205933,1218921961839120390,1
921205933,23358779,1
1295526279194828800,21418163,1
1295526279194828800,1296868570517864448,1
1295526279194828800,1319344728,1
1295526279194828800,3663339554,1
1295526279194828800,1298987491387572260,1
1295526279194828800,426123679,1
1295526279194828800,571150005,1
1295526279194828800,1251255896249896960,1
1295526279194828800,1068528501093998592,1
1295526279194828800,212100729,1
1295526279194828800,587073202,1
1295526279194828800,1347392649364430848,1
1295526279194828800,1036503940924231680,1
1295526279194828800,1349829656258764801,1
1319682900166643715,434526754,1
1319682900166643715,867243298938925056,1
1319682900166643715,28785887,1
3029204524,539615809,1
3029204524,215551899,1
3029204524,1351930423048368131,1
3029204524,824162165561114624,1
3029204524,322316099,1
3029204524,1142453041364385794,1
3029204524,962805945020702722,1
817007725666242561,393638656,1
817007725666242561,934997645684129792,1
817007725666242561,1260673063890411521,4
817007725666242561,14292717,4
817007725666242561,412667232,1
817007725666242561,39363886,1
817007725666242561,1319751387878547457,1
817007725666242561,1276656118501163014,1
817007725666242561,227892887,1
817007725666242561,359673211,1
817007725666242561,13818882,1
817007725666242561,1034483062116110337,1
966734358651592704,256918796,1
966734358651592704,1411245348,1
397784697,1253826742453768193,1
1640715014,1483407931,1
1640715014,1250049743276904457,1
80697114,818907604260974592,1
80697114,1332885458972512257,2
23969240,601179104,1
4765100357,1000834064360685573,1
4765100357,207770526,1
4765100357,1037185820417961984,1
4765100357,40745366,1
1336778170947792897,1282048126786789376,1
1336778170947792897,3130251531,1
1336778170947792897,975764506939928577,1
21826347,213805076,1
21826347,1142453041364385794,1
21826347,836211485818957828,1
1335623250517262338,1271851366160441344,1
1335623250517262338,782521784,1
946470689367842816,1218760088481083392,1
946470689367842816,803730619,1
946470689367842816,1252487904309530624,1
946470689367842816,963652580,1
946470689367842816,1073420224282718208,1
946470689367842816,1345469207572590594,1
946470689367842816,1352350384040382466,1
946470689367842816,1215499681305899009,1
946470689367842816,1254828149491347457,1
946470689367842816,2256699423,1
946470689367842816,1310962760080150528,1
946470689367842816,1247483576293249025,1
946470689367842816,154994574,1
946470689367842816,2465499751,1
946470689367842816,1295904535060381698,1
946470689367842816,1133099962173140999,1
943641207707701248,1250049743276904457,1
943641207707701248,1136370591517290496,1
943641207707701248,1332024445414887426,1
1023647199803129856,871070831643828225,1
1326749645368909826,1253826742453768193,1
3197275843,712695656381546497,1
410318537,634680682,1
123781783,297686707,1
123781783,1136370591517290496,1
719570678391902209,1136370591517290496,1
1884013189,3881027775,1
1884013189,618367149,1
1884013189,14079282,1
1884013189,274218971,1
1884013189,1318984403746541569,1
2170913642,206421728,1
963495628545327104,1352419077751500806,1
978735902859112448,892369911862972417,1
978735902859112448,1187917585058189312,1
978735902859112448,4381017555,1
782521784,1180701690,1
1350156571175768064,41352867,1
41352867,41352867,1
121986263,915633861425496064,1
121986263,1180701690,1
939851886861127680,289979897,1
153682927,1352350384040382466,1
153682927,45161705,1
279020836,726415657336770560,1
279020836,1281770270164791296,1
279020836,409125746,1
279020836,1136370591517290496,2
279020836,1291878247030878208,1
279020836,276248759,2
279020836,1350919833458597888,1
279020836,616735577,1
279020836,1136834225229799427,1
279020836,1341178497214021632,1
279020836,1676688984,1
279020836,836591546,1
279020836,1337580388835790848,1
15079601,118880891,1
15079601,736266952289570817,1
15079601,824393929,1
15079601,1275178138255986689,1
15079601,1257884762506698753,1
15079601,987098457260388352,1
58848778,877349359695798273,1
2667913824,877349359695798273,1
1054561163843751936,877349359695798273,2
1054561163843751936,1189910644922839041,1
1054561163843751936,1341826104231747586,1
1054561163843751936,1275773394055815168,2
1054561163843751936,1257525157423247360,1
88215408,50556699,1
88215408,88215408,1
921557521378238464,987098457260388352,1
743606806912458752,750304273490030592,1
21306324,151053206,1
21306324,1247713280,1
21306324,14277747,1
21306324,1321134820894846976,1
30265388,983301605813563392,1
30265388,288957812,1
30265388,3142271018,1
962805945020702722,287843534,1
962805945020702722,1068563533003137025,1
962805945020702722,965365832674086913,1
962805945020702722,1056796201,1
962805945020702722,316155198,1
330658144,289979897,1
1012858096618786816,289979897,1
829497085842046977,1136370591517290496,1
1263552816452427780,1442049138,1
1263552816452427780,3076802607,1
1263552816452427780,290619026,1
14579415,341715974,1
14579415,305084037,1
14579415,922193742626545664,1
926884821011443713,1136370591517290496,1
1165754549535236098,42241065,1
1165754549535236098,1195775541254742016,1
51328945,3152812527,1
1245013286376128512,1679270293,1
1245013286376128512,1139565518741020672,1
1245013286376128512,2982013384,1
2200605978,871998714,1
2200605978,970997064,1
2461456408,1595988744,1
2461456408,1208188588342599680,1
2461456408,957546879486693376,1
2461456408,932271127648489473,1
2461456408,1473431,1
1038818233254461440,374947789,1
1038818233254461440,1424640954,1
2982013384,983301605813563392,1
2982013384,1246529073804972034,2
2982013384,528914904,1
2982013384,1325928840640737280,1
799070436894064640,348541395,1
799070436894064640,1275831653403746309,1
100576078,1187917585058189312,1
975765467657834497,36162717,1
975765467657834497,928432619905155072,1
975765467657834497,1290982888419336194,1
927754191044362240,36162717,1
927754191044362240,1640496104,1
927754191044362240,461722637,1
927754191044362240,1257805304529596419,1
360855408,360855408,2
360855408,1203520087938027520,1
755793932890546176,289979897,1
1272113336893784064,1187917585058189312,1
3374116156,1025004192413483013,1
271138078,1229134943508287489,1
271138078,15281391,1
271138078,1025004192413483013,2
96828033,1136370591517290496,1
1346834567517372416,3325910554,1
1346834567517372416,981124131419840513,1
1346834567517372416,4706623669,1
3235419872,877349359695798273,1
3235419872,2848942445,1
18631420,601179104,1
18631420,1306647690848145413,1
262013016,1261041826733133825,1
262013016,1031526808095784960,1
1261041826733133825,1031526808095784960,1
1261041826733133825,3152812527,1
1261041826733133825,915938150115151872,1
865507993,1158812701038194694,1
1244302910990594049,1250504074727915521,1
1244302910990594049,153682927,1
41516710,306950961,1
351124316,1293615166370783233,1
351124316,1707602023,1
351124316,405080827,1
351124316,851941419933507584,1
351124316,41340705,1
351124316,3951098483,1
351124316,22375126,1
351124316,210153565,1
351124316,926533052527812610,1
351124316,167861664,1
732295444815073283,87825530,1
1346974224804577284,158203086,1
15296897,539615809,1
15296897,1243665419501744133,2
15296897,1321134820894846976,1
1274813479522836481,317355363,1
1274813479522836481,1333556810456903686,1
1274813479522836481,962316852469911552,1
1274813479522836481,1310542092381249536,1
1344152500866310144,308098146,1
1344152500866310144,118901285,1
1257074086783614981,701093173,1
2974029189,108501071,1
108501071,287947918,1
243367324,818887188,1
243367324,725318136,1
243367324,29373436,1
2691123885,2848942445,1
2691123885,1537789285,1
955916971765387265,2848942445,1
955916971765387265,1224062503027642368,1
955916971765387265,1276271601663660032,1
131842299,3142271018,1
1315845934975078400,2826522992,1
1315845934975078400,1152156706224427008,1
1315845934975078400,18759665,1
1315845934975078400,1267731725259403265,1
1315845934975078400,393638656,1
1315845934975078400,793850015315668993,1
1315845934975078400,280142784,1
1315845934975078400,1191727198010523650,1
1315845934975078400,289979897,1
1334574010865229826,34412672,1
1332080783025115137,1136370591517290496,3
1332080783025115137,947161755897159680,1
783114690784288768,456159982,1
2966889492,1298681279974703105,1
1244292359652851715,39363886,1
1190088203522301952,1150845585081143296,1
1261168628,1070492716281270273,1
1261168628,1218413933989703680,1
1261168628,1132298937954635776,1
1261168628,29373436,1
24843079,744432753496702976,1
1246173805292204037,840039289585061888,1
1246173805292204037,1181573092319072257,1
958087450274000896,922193742626545664,1
718182886,37355797,1
718182886,980454624,1
718182886,1034997806069698561,1
718182886,1321134820894846976,1
1036292388078014464,73465112,1
118794845,1070492716281270273,1
1275779801069096960,1341854063844048904,1
1275779801069096960,1149222186,1
1058344962285289472,1070492716281270273,1
1143305395038900224,917127774518816769,1
1143305395038900224,97601478,2
1018168912003792896,1170444753025978370,1
118796348,13270232,1
1087794217185931264,1310542092381249536,1
2450642797,1219457157827121153,1
2450642797,1056796201,1
80769700,1152156706224427008,1
1290865774480044032,1152156706224427008,1
1290865774480044032,346981595,1
1327034832141103104,29787662,1
98741907,245202219,1
98741907,1352419077751500806,1
98741907,31409990,1
940789829243195393,15163046,1
428653913,601305639,1
428653913,1321134820894846976,1
428653913,1351043267320832000,1
4739699834,254855643,1
4739699834,1322303869599260672,1
4739699834,2243257760,1
4739699834,1350101810263031809,1
4739699834,1193735759334797312,1
4739699834,1662158222,1
20583571,1322303869599260672,1
44366481,67245368,1
44366481,341715974,1
1037362795644379137,131277563,1
1313565209567678472,1321134820894846976,1
25827743,131277563,1
1329405770224570368,1321134820894846976,1
1329405770224570368,1296253588117819395,1
799069924450766848,1321134820894846976,1
293900339,1321134820894846976,1
762685030296530944,1321134820894846976,1
632426083,1321134820894846976,1
632426083,98652684,1
951026995,1321134820894846976,1
1270102942432079878,1352419077751500806,1
1270102942432079878,1339436216152952834,1
524732173,393638656,1
1347683143424339970,1321134820894846976,1
1347683143424339970,1048784678684045312,1
415066986,1321134820894846976,1
1296828472724279299,1321134820894846976,1
1284791749605421058,1321134820894846976,1
1472445518,1321134820894846976,1
1216894534128291841,1321134820894846976,1
257986626,1321134820894846976,1
37273745,1321134820894846976,2
37273745,289733511,1
37273745,1274479299031171078,1
37273745,36976943,1
37273745,1271458362039943173,1
37273745,2238455431,1
63927653,1321134820894846976,1
63927653,1245102434109681664,1
63927653,118901285,1
74656893,1321134820894846976,1
1544867209,118268783,1
1263205698,4706623669,1
324206096,29373436,1
1320043277001908227,369183832,1
1320043277001908227,2457281755,1
1320043277001908227,1167459279617560576,1
956543213900361728,1303443100107304960,1
395349278,1150845585081143296,1
24985654,15277487,1
24985654,279029242,1
24985654,1046827082456522753,1
24985654,1204759449690353664,1
24985654,732295444815073283,1
24985654,102475599,1
24985654,144834495,1
24985654,14096763,1
1245111122186960903,1260636487776964610,1
1245111122186960903,41651076,1
1245111122186960903,1250049743276904457,1
1260636487776964610,1025004192413483013,1
855295030369542144,575590636,1
3677273663,3028255067,1
3677273663,313459378,1
980454624,980454624,1
455824771,1269953961286602753,1
455824771,987098457260388352,1
455824771,2173259419,1
1243184378219573249,2515906109,1
1243184378219573249,179759559,1
1243184378219573249,1254432954971033608,1
278296294,31409990,1
2976727463,1292925141702377472,1
2976727463,739006062,1
2976727463,741320846069932032,1
775718634283003904,816437861499240453,1
831801503694336000,161497322,1
831801503694336000,237679764,1
1266176728004730886,994035659382935553,1
1266176728004730886,780053848677310464,1
753608246976401408,161497322,1
563084750,175576617,1
608517813,994035659382935553,1
608517813,1312369470871146496,1
286654612,29373436,1
1692249043,289979897,1
198574068,1081834477125541888,1
198574068,15982731,1
814893508066680832,1274121995437948930,1
814893508066680832,349171067,1
814893508066680832,942583107361951744,1
814893508066680832,109688019,1
838417609909497856,2730301340,1
93913891,1094037350290575360,1
93913891,854464650964062213,1
93913891,64502932,1
93913891,907274450206371840,1
93913891,400784846,1
93913891,171879225,1
93913891,2334614718,1
93913891,1274796634145161219,1
16802592,1274121995437948930,2
1226895349039714307,1025004192413483013,1
816437861499240453,1537257282,1
816437861499240453,428234786,1
825233183885115393,3028255067,1
24471197,118268783,1
1247884274360934400,1136370591517290496,1
797769606,1041176187161108480,1
14933262,4915265059,1
1230345330505457664,1025004192413483013,1
613076782,1174413782942023680,1
47519668,348541395,1
2932989352,36976943,1
626330384,1321134820894846976,1
166597717,947161755897159680,1
166597717,2349350726,1
166597717,164546415,1
166597717,3700990397,1
1231853688697872384,877349359695798273,1
1231853688697872384,2848942445,1
1231853688697872384,178554850,1
12114462,2332232034,1
1283754097661837315,348541395,1
1283754097661837315,1073250174191980544,1
435271785,36976943,2
1342475523134529538,1109946624,1
1342475523134529538,113817192,1
2167105248,1271458362039943173,1
2167105248,1352627659818348547,1
1255507642883153921,132158379,1
1094975609342750720,877349359695798273,2
1094975609342750720,2848942445,2
308098146,1135750671062437889,1
2193224916,49834096,1
2193224916,1236946664935612416,1
2193224916,14292717,1
476836621,1921775084,1
476836621,1250504074727915521,1
824353614210732032,388659076,1
824353614210732032,1038667818181566464,1
1256312576993972225,289733511,1
748515223393435649,289733511,1
1261065948011864064,289733511,1
1164946764736225281,36976943,1
323985128,1125531255674687489,1
1111006576461017089,1157302398764900353,1
1111006576461017089,1349014471700844549,1
1111006576461017089,803241751,1
1111006576461017089,1073250174191980544,1
1111006576461017089,392371630,1
1111006576461017089,1024727085313613824,1
18628416,113817192,1
1339687720520716288,1021735460115234816,1
1339687720520716288,247409961,1
1339687720520716288,441248955,1
1251652991540748288,113817192,1
1308572052094423042,1136370591517290496,1
2331057126,1136370591517290496,1
2798435269,1136370591517290496,1
1328339419347230720,178554850,1
499159618,178554850,1
1208832562455552003,1136370591517290496,1
2430257755,1136370591517290496,1
1351696165000126465,1136370591517290496,1
15488211,3178989996,1
1021808322490585088,308098146,1
1335629286443610115,1136370591517290496,1
1344963672083292161,3152812527,1
1276308642883604481,1136370591517290496,1
1276308642883604481,137897815,1
1276308642883604481,1341970530522587136,1
1034067523,161497322,2
1034067523,1239972956563963904,1
1034067523,1321134820894846976,1
1034067523,1308021862123921416,2
1935245874,1161064942528692226,1
19272379,1321134820894846976,1
1346933988015828992,1321134820894846976,1
47300824,1321134820894846976,1
28999461,1321134820894846976,1
20292314,1321134820894846976,1
201814967,1321134820894846976,1
13471032,947161755897159680,1
1294799813771431936,1310542092381249536,1
818907604260974592,80697114,1
1264697179626549253,3152812527,1
