1249452967909920768,1306454229536579584,1
1306454229536579584,603281366,1
1306454229536579584,1011426302337912832,1
1306454229536579584,1185342575374487554,1
1306454229536579584,1356565797867573249,1
1354823976359354375,4114632387,1
1354823976359354375,861171834615734272,1
1354823976359354375,1354823976359354375,1
1354823976359354375,24757341,1
1354823976359354375,1136370591517290496,1
1354823976359354375,1350272797864583169,1
1354823976359354375,842336192381235204,2
1354823976359354375,2273704272,2
1354823976359354375,603281366,1
1354823976359354375,1357355645721341952,4
1354823976359354375,518993168,1
1354823976359354375,1361117194353008645,1
1354823976359354375,707047646352023552,1
1354823976359354375,1266854558417879040,1
1345749341382856704,703103527233585153,1
1345749341382856704,117335677,1
1345749341382856704,3342474913,1
1345749341382856704,3138381790,1
1345749341382856704,1347569181059915777,1
1345749341382856704,454519607,1
1345749341382856704,1046831957387218945,1
1345749341382856704,1144335150722846720,1
1345749341382856704,1305791054361362433,1
1345749341382856704,1160453088,1
1345749341382856704,1357675525200838656,1
1345749341382856704,1061284064915668997,1
1345749341382856704,3011518461,2
1345749341382856704,93943232,1
1345749341382856704,275388942,1
1345749341382856704,1185038693389742082,1
1345749341382856704,210901881,1
1345749341382856704,1343906323948306433,1
1345749341382856704,1136370591517290496,2
1345749341382856704,1343167351856852992,1
1345749341382856704,542346909,2
1345749341382856704,263325474,1
1345749341382856704,1658821705,1
1345749341382856704,786719385138278400,2
1345749341382856704,1293241075101052932,2
1345749341382856704,1354652160554799105,2
1345749341382856704,1357055595644338185,1
1345749341382856704,799860107794333697,1
1345749341382856704,1352481110421213184,1
1345749341382856704,2842748592,1
1345749341382856704,1285317273477984256,1
1345749341382856704,958792406652121088,1
1345749341382856704,1290168684422414338,1
1345749341382856704,1334312747601977353,1
1345749341382856704,1189780070191292417,1
1345749341382856704,16390420,1
1345749341382856704,1385169170,1
1345749341382856704,1122087805809774592,1
1345749341382856704,1248684420644700168,1
1345749341382856704,25992067,1
1345749341382856704,1528925172,1
1345749341382856704,3358695352,1
1345749341382856704,765629217480540161,1
1345749341382856704,1359172513230684165,1
1345749341382856704,1161303600095735808,1
1345749341382856704,1356096965780664321,1
1345749341382856704,1105905360177692682,1
1345749341382856704,1359969484673601536,1
1345749341382856704,4056537442,1
1345749341382856704,265208391,1
1345749341382856704,190433958,1
1345749341382856704,1357837391956856834,2
1345749341382856704,3160594636,1
1345749341382856704,1355760772501139458,1
1345749341382856704,1454340559,1
1345749341382856704,497566115,1
1345749341382856704,1247643018,1
1345749341382856704,1360695190915219456,1
1345749341382856704,756352154810650624,1
1345749341382856704,1345398679658758144,1
1345749341382856704,1251482421968633857,2
1345749341382856704,1174017064530522112,1
1345749341382856704,3433490985,1
1345749341382856704,14974235,1
1345749341382856704,1271517135324549132,1
1345749341382856704,130978408,1
1345749341382856704,1278869808898080768,1
1345749341382856704,1116062238,1
1345749341382856704,433376810,1
1345749341382856704,994949981411790849,1
1345749341382856704,1354779262075740161,1
1345749341382856704,1359600150545526784,1
1345749341382856704,3233482458,1
1345749341382856704,753245884637405184,2
1345749341382856704,935350641257463809,1
1345749341382856704,37092767,1
1345749341382856704,1361762360772489228,1
1345749341382856704,1356565797867573249,2
1345749341382856704,1045780735964131330,1
1345749341382856704,24433388,1
1345749341382856704,424696743,1
1345749341382856704,436130315,1
1345749341382856704,1355019853552349189,1
1345749341382856704,884164482393669632,1
1345749341382856704,1040061156897910784,1
1345749341382856704,22013845,2
1345749341382856704,1243600461841813505,1
1345749341382856704,212068471,1
1345749341382856704,61356530,1
1345749341382856704,1185342575374487554,1
1345749341382856704,3764139557,1
1345749341382856704,1356409731276038144,1
1345749341382856704,2228677423,1
1345749341382856704,1249040274434727936,1
1345749341382856704,1359675636722393089,1
1345749341382856704,3012167056,1
1345749341382856704,80289805,1
1345749341382856704,1239509366253981697,1
1345749341382856704,2991203237,2
1345749341382856704,493655046,1
1345749341382856704,30025739,1
1345749341382856704,979775607037886464,2
1345749341382856704,948646453,1
1345749341382856704,1059172170201513984,1
1345749341382856704,1354145466410274816,2
1345749341382856704,2329038042,1
1345749341382856704,301084568,1
1345749341382856704,1268244800244940804,1
1345749341382856704,2901845309,1
1345749341382856704,606447893,1
1345749341382856704,1354920626641793026,1
1345749341382856704,975003248,1
1345749341382856704,1361783982959038471,1
1345749341382856704,1352751283,1
1345749341382856704,63851303,1
1345749341382856704,1355036520684679168,1
1345749341382856704,970191638088753152,1
1345749341382856704,796176481,1
1345749341382856704,786062564459438080,1
1345749341382856704,1355393620052901888,1
1345749341382856704,1354463596567212034,1
1345749341382856704,823197494486020096,1
1345749341382856704,918535921162534912,1
1345749341382856704,32324102,1
1345749341382856704,378887475,1
1345749341382856704,2560560437,1
1345749341382856704,1357355645721341952,2
1345749341382856704,1047857485602742272,1
1345749341382856704,879186632288735233,1
1345749341382856704,810732174559313921,1
1345749341382856704,1328784067874025472,1
1345749341382856704,1288820300730245122,1
1345749341382856704,2827239354,1
1345749341382856704,861171834615734272,1
1345749341382856704,1281743653409439744,1
1345749341382856704,3888452839,1
1345749341382856704,1355681147250946054,1
1345749341382856704,606886866,1
1345749341382856704,457172633,1
1345749341382856704,1355344022903136256,1
1345749341382856704,1349075121684819968,1
1345749341382856704,768517771,1
1345749341382856704,1256513572684914688,1
1345749341382856704,1011426302337912832,1
1345749341382856704,1361117194353008645,2
1345749341382856704,1355313064153935877,1
1345749341382856704,1355183539155685377,1
1345749341382856704,1354823976359354375,1
1345749341382856704,1215774922414252032,1
1354586621182619648,1357837391956856834,1
1354586621182619648,24757341,6
1354586621182619648,861171834615734272,2
3342474913,1357837391956856834,1
3342474913,834896862326980608,1
3342474913,1355681147250946054,1
3342474913,1352751283,1
3342474913,1356565797867573249,1
1355019853552349189,1357837391956856834,1
1355019853552349189,873389997822443520,1
1355019853552349189,3342474913,1
1355019853552349189,1058449623038124033,1
1355019853552349189,378887475,1
1355019853552349189,1351243433088835586,1
1355019853552349189,320190505,2
1355019853552349189,1286904155672465408,1
1355019853552349189,190433958,2
1355019853552349189,1319898589326344192,1
1355019853552349189,1105905360177692682,2
1355019853552349189,1320810699245948935,1
1355019853552349189,2894257215,1
1355019853552349189,1354779262075740161,2
1355019853552349189,2893508633,1
1355019853552349189,1060659286605524998,1
1355019853552349189,1349749004171685890,1
1355019853552349189,606447893,2
1355019853552349189,1357846564971155458,1
1355019853552349189,2423811529,1
1355019853552349189,1011426302337912832,1
1355019853552349189,1349966827993010176,1
1355019853552349189,1013746590,1
1355019853552349189,1254269098126696449,2
1355019853552349189,733805587,1
1355019853552349189,1256513572684914688,1
1355019853552349189,1354368627131248641,1
1355019853552349189,1361615358273220611,1
1355019853552349189,1239930235514228737,1
1355019853552349189,993612503102914562,1
1355019853552349189,1351704497882591235,1
1355019853552349189,590525576,1
1355019853552349189,1329829001909645315,1
1355019853552349189,1339524641514278913,1
1355019853552349189,320332987,1
1355019853552349189,1094599674881888258,1
1355019853552349189,2735751914,1
1355019853552349189,1351191905690939394,1
1355019853552349189,1185342575374487554,2
1355019853552349189,1111869559,1
176702662,873389997822443520,1
176702662,973747963322425344,1
176702662,1185342575374487554,1
176702662,861171834615734272,2
176702662,531624592,1
176702662,1091173131874652160,1
1352633043421429763,1356565797867573249,1
1352633043421429763,1254269098126696449,1
1352633043421429763,1169581249586966528,1
1352633043421429763,1131588259199500288,1
1356565797867573249,1354586621182619648,1
1356565797867573249,606447893,5
1356565797867573249,24757341,6
1356565797867573249,1284334983071494145,1
1356565797867573249,1105905360177692682,2
1356565797867573249,1385169170,1
1356565797867573249,3160594636,2
1356565797867573249,259415489,1
1356565797867573249,1185342575374487554,16
1356565797867573249,1011426302337912832,5
1356565797867573249,879145266665934848,1
1356565797867573249,861171834615734272,8
1356565797867573249,3421278075,2
1356565797867573249,1136370591517290496,6
1356565797867573249,1312517524878053378,8
1356565797867573249,1169581249586966528,1
1356565797867573249,1354779262075740161,11
1356565797867573249,1361399813225463813,1
1356565797867573249,1309661940331864066,1
1356565797867573249,990962471480578048,1
1356565797867573249,423855079,1
1356565797867573249,518993168,4
1356565797867573249,2352106270,4
1356565797867573249,432026078,1
1356565797867573249,1356076572504190980,2
1356565797867573249,558297648,1
1356565797867573249,1357355645721341952,10
1356565797867573249,1171817102438805504,1
1356565797867573249,1254269098126696449,1
1356565797867573249,478876602,1
1356565797867573249,1341082920757411842,2
1356565797867573249,1348474519502024705,1
1356565797867573249,2273704272,1
1356565797867573249,185705186,5
1356565797867573249,313426519,1
1356565797867573249,2244529808,1
1356565797867573249,1355957698278383626,2
1356565797867573249,1355681971716943878,3
1356565797867573249,1355185106445504516,2
1356565797867573249,1255906018854268929,1
1356565797867573249,1358796077680500736,1
1356565797867573249,1359603005855850497,1
1356565797867573249,1154611470396579841,2
1356565797867573249,842336192381235204,1
1356565797867573249,1237185168533639169,1
1356565797867573249,45438999,1
1356565797867573249,28250697,1
1356565797867573249,1285352866715242496,1
1356565797867573249,1286904155672465408,1
1356565797867573249,873389997822443520,1
1356565797867573249,1356400528524120064,1
1356565797867573249,1315359789950607360,1
1356565797867573249,442235344,3
1356565797867573249,1354823976359354375,1
1356565797867573249,2424219062,1
1356565797867573249,1260430534276263937,1
1356565797867573249,1356565797867573249,1
1356565797867573249,754371117289205762,1
1356565797867573249,1355681147250946054,1
1328692431794147329,3342474913,1
1328692431794147329,1309661940331864066,1
1328692431794147329,1357099906788257793,1
1328692431794147329,2424219062,1
1328692431794147329,1011426302337912832,1
1328692431794147329,1254269098126696449,1
1328692431794147329,1358796077680500736,1
1328692431794147329,112564468,1
1328692431794147329,1352119085564268546,1
1328692431794147329,558297648,1
1328692431794147329,1185342575374487554,1
1328692431794147329,1341735157359849474,1
1328692431794147329,1356565797867573249,1
1328692431794147329,1357355645721341952,2
1328692431794147329,861171834615734272,1
1328692431794147329,1356076572504190980,1
1328692431794147329,72859002,1
1328692431794147329,1354823976359354375,1
1234086093303296002,3342474913,1
1234086093303296002,1355957698278383626,1
1234086093303296002,1029144577,1
1234086093303296002,424696743,2
1234086093303296002,940474617264668672,1
1234086093303296002,1354779262075740161,1
1234086093303296002,1002646973898416128,1
1234086093303296002,1356565797867573249,1
1234086093303296002,1011426302337912832,2
1234086093303296002,1354145466410274816,1
1234086093303296002,518993168,1
1234086093303296002,1185342575374487554,3
1234086093303296002,861171834615734272,5
1234086093303296002,792410491,5
1234086093303296002,1352751283,1
1234086093303296002,1238278714447876100,1
1234086093303296002,873389997822443520,1
1234086093303296002,185705186,1
1234086093303296002,2424219062,1
1234086093303296002,1352119085564268546,1
1234086093303296002,2181743309,1
1234086093303296002,1312517524878053378,1
1234086093303296002,1357355645721341952,1
1234086093303296002,313426519,2
1234086093303296002,1268776313860456449,1
1234086093303296002,1254269098126696449,1
1234086093303296002,1359604815865774082,1
1234086093303296002,1325537487129878535,1
1234086093303296002,1351570335296962562,1
1234086093303296002,1341735157359849474,1
15969833,606447893,1
29684715,1226550082419425281,1
1328844631023357953,1234487238806908929,1
1328844631023357953,823305815763415040,1
1310242697417027586,247411622,1
1310242697417027586,1226550082419425281,1
40811815,1341026677162455041,1
40811815,1358074750728290304,1
1283219099716407296,1254269098126696449,2
1283219099716407296,1324789100134735875,1
1283219099716407296,1355313064153935877,1
1221895951071219713,777625778083299333,1
1221895951071219713,606447893,2
1221895951071219713,1168520716150550530,1
1221895951071219713,1011426302337912832,2
1221895951071219713,382986452,1
1221895951071219713,313426519,1
1221895951071219713,1268776313860456449,3
1221895951071219713,112564468,1
1221895951071219713,3888452839,1
1221895951071219713,1357355645721341952,2
1221895951071219713,425617244,1
1221895951071219713,1185342575374487554,4
1221895951071219713,1351484889791606785,1
1221895951071219713,1355681147250946054,1
1221895951071219713,2352106270,2
1221895951071219713,861171834615734272,2
1221895951071219713,1341082920757411842,2
1221895951071219713,1356565797867573249,2
1221895951071219713,1355146387353194496,1
1221895951071219713,970485789296558081,1
1221895951071219713,1313322007753359360,1
1221895951071219713,707047646352023552,1
1221895951071219713,967167534066696192,1
1221895951071219713,1303854913756176385,1
1221895951071219713,1136370591517290496,2
1221895951071219713,1205954294161252354,2
1221895951071219713,1352751283,1
1221895951071219713,1254269098126696449,1
861171834615734272,1356565797867573249,2
861171834615734272,1355957698278383626,1
861171834615734272,606447893,1
861171834615734272,1185342575374487554,1
861171834615734272,1136370591517290496,1
861171834615734272,462978790,1
861171834615734272,1357355645721341952,1
861171834615734272,1356076572504190980,1
861171834615734272,861171834615734272,2
531624592,123666193,1
531624592,1359603005855850497,1
531624592,1352751283,1
531624592,4114632387,1
531624592,1357837391956856834,1
531624592,861171834615734272,2
531624592,1225855511607861248,1
531624592,836789010,2
531624592,1105905360177692682,1
531624592,1319505576901173249,1
531624592,248005703,1
531624592,1354779262075740161,1
531624592,1091173131874652160,1
531624592,1357863450802749440,1
3160594636,24757341,2
3160594636,1185342575374487554,2
3160594636,3421278075,1
3160594636,1312517524878053378,1
3160594636,2352106270,1
3160594636,1357399894810644481,1
3160594636,210901881,1
3160594636,3888452839,1
3160594636,1355957698278383626,1
3160594636,1136370591517290496,1
3160594636,1011426302337912832,1
326315947,1060659286605524998,1
326315947,16732770,2
326315947,270538277,1
326315947,1185342575374487554,1
326315947,3160594636,1
326315947,3171050558,1
326315947,1032600950605791238,1
326315947,1011426302337912832,1
326315947,950137261949005824,1
326315947,1264181426833862657,1
326315947,1336807984651964418,1
326315947,45937492,1
326315947,39137239,1
326315947,20402945,1
326315947,1354185037730689024,1
326315947,184975034,1
326315947,3317173928,1
326315947,30951174,1
1355957698278383626,228479701,1
1352419473811251200,1356050077618483201,2
1352419473811251200,1361731433509892097,4
1352419473811251200,1361729196217815041,4
1352419473811251200,1011426302337912832,1
1352419473811251200,1185342575374487554,1
1352419473811251200,1356565797867573249,1
1352419473811251200,1111869559,1
1352419473811251200,989966720,1
1352419473811251200,1238278714447876100,1
1352419473811251200,1311334361741119493,10
1352419473811251200,1354823976359354375,3
1352419473811251200,603281366,1
1352419473811251200,43037026,1
1352419473811251200,1352364657361694722,1
1352419473811251200,1361117194353008645,1
254770219,14887899,1
254770219,1136370591517290496,2
254770219,580014096,1
254770219,285249297,1
254770219,1331895439898144768,1
254770219,1360228575115440128,1
254770219,1127162887,1
254770219,1200815750555918336,1
254770219,2864055171,1
254770219,1036008183741870080,1
254770219,1334902363207970817,1
254770219,1207458535493255173,1
254770219,17069521,1
254770219,1358992329516982273,1
254770219,1269587120869437441,1
254770219,1275171052633624579,1
254770219,873659828396322816,1
1183674343462621184,1013746590,1
1183674343462621184,834896862326980608,1
1157137173423915011,1312517524878053378,1
1157137173423915011,1352434474068418563,1
1157137173423915011,861171834615734272,1
301084568,1265685065985654784,1
301084568,1281754467113656320,1
301084568,1357549094407983110,1
301084568,1260430534276263937,1
1357863450802749440,1317554803376070656,1
1357863450802749440,873389997822443520,5
1357863450802749440,1358796077680500736,4
1357863450802749440,606447893,1
1357863450802749440,22013845,1
1357863450802749440,1011426302337912832,1
1357863450802749440,259415489,1
1357863450802749440,1357837391956856834,1
1357863450802749440,1354779262075740161,2
1357863450802749440,861171834615734272,5
1357863450802749440,1013746590,1
1357863450802749440,1131588259199500288,1
1357863450802749440,1323008162623082498,1
1357863450802749440,1357355645721341952,2
1357863450802749440,1105905360177692682,1
1357863450802749440,1357099906788257793,1
1357863450802749440,478876602,1
1357863450802749440,2273704272,1
1357863450802749440,1169581249586966528,1
1357863450802749440,1225855511607861248,2
1357863450802749440,996990109101637633,1
1357863450802749440,1339524641514278913,1
1357863450802749440,963497279125467136,1
1357863450802749440,313426519,1
1357863450802749440,443013485,1
1213227521392558080,861171834615734272,1
1213227521392558080,1231450284641181696,1
185705186,1312517524878053378,1
185705186,1354779262075740161,1
1355016677709197315,2378061739,1
1355016677709197315,606447893,1
1355016677709197315,1355283274663424001,1
1355016677709197315,24485171,1
1355016677709197315,1205954294161252354,1
1355016677709197315,1254269098126696449,1
1352751283,1011426302337912832,6
1352751283,606447893,1
1352751283,1185342575374487554,1
1352751283,873389997822443520,1
1352751283,210901881,3
1352751283,861171834615734272,1
1352751283,590525576,1
1352751283,1354779262075740161,1
1352751283,1237185168533639169,1
1352751283,1356841850108334080,1
1352751283,1357355645721341952,1
1352751283,1352802622885875712,1
1352751283,1268776313860456449,1
1352751283,1358796077680500736,1
1352751283,242488454,1
1352751283,1019710735172202496,1
62610551,1249163496408920066,1
62610551,1136370591517290496,1
1271517135324549132,1136370591517290496,1
844929788167045120,24757341,1
844929788167045120,1312517524878053378,1
16732770,734939880,1
16732770,109114637,1
16732770,97273018,1
16732770,1136370591517290496,1
16732770,1359635755748982785,1
16732770,568376512,1
16732770,334835711,1
16732770,1355681147250946054,1
16732770,20402945,1
16732770,1354185037730689024,1
16732770,3019991835,1
16732770,801284569,1
1354477855619633153,1185342575374487554,1
1354477855619633153,1352751283,1
1354477855619633153,185705186,1
1354477855619633153,860033883911462912,2
1354477855619633153,1359603005855850497,1
1185342575374487554,1011426302337912832,1
1185342575374487554,2424219062,1
1185342575374487554,1352751283,1
1293241075101052932,606447893,2
1293241075101052932,1185342575374487554,1
1293241075101052932,1356211333230956546,1
1293241075101052932,1195597297,1
1293241075101052932,1355681971716943878,1
1293241075101052932,85027908,1
1293241075101052932,1356565797867573249,1
1293241075101052932,1354779262075740161,1
1293241075101052932,1354942705181339649,1
1293241075101052932,1011426302337912832,1
1293241075101052932,1355760772501139458,1
4745780270,1354779262075740161,1
4745780270,1341735157359849474,1
2423811529,45438999,1
2423811529,51634114,1
2423811529,606447893,1
2423811529,861171834615734272,1
45438999,1254269098126696449,1
45438999,273917205,1
1354145466410274816,1356565797867573249,1
1354145466410274816,2424219062,1
1354145466410274816,185705186,1
1354145466410274816,51634114,1
1354145466410274816,861171834615734272,1
1354145466410274816,2423811529,1
1290168684422414338,715725071902334976,1
1290168684422414338,1357837391956856834,1
1290168684422414338,1354779262075740161,1
1290168684422414338,763497139,1
1290168684422414338,1290168684422414338,1
1290168684422414338,1357514546773037057,1
1143211925620305922,1254269098126696449,1
1143211925620305922,1011426302337912832,1
1143211925620305922,606447893,1
1144721727819145216,1254269098126696449,1
1144721727819145216,606447893,1
1144721727819145216,1340600187538927617,1
1144721727819145216,1352119085564268546,1
1144721727819145216,1358160212499320833,1
1144721727819145216,1354823976359354375,1
1011426302337912832,715725071902334976,2
1317098222200946693,1011426302337912832,1
1317098222200946693,2424219062,2
1317098222200946693,1357837391956856834,1
1317098222200946693,2880507550,1
1317098222200946693,1352751283,2
1317098222200946693,1185342575374487554,2
1317098222200946693,1356565797867573249,1
1317098222200946693,1059080990,1
1191484003146194945,1029144577,1
1191484003146194945,1306454229536579584,1
1191484003146194945,45438999,1
1191484003146194945,1352751283,1
1191484003146194945,259415489,1
1319898589326344192,1029144577,1
1319898589326344192,185705186,1
1319898589326344192,1355393620052901888,1
1319898589326344192,1011426302337912832,1
1319898589326344192,861171834615734272,2
1319898589326344192,518993168,1
1319898589326344192,3342474913,1
2838501312,308701148,1
2838501312,1354779262075740161,1
2838501312,948646453,1
2838501312,1341082920757411842,1
2838501312,1358160212499320833,1
2838501312,1354823976359354375,1
2838501312,1143347102954774528,1
1268351310560030720,836789010,1
1268351310560030720,77071383,1
1268351310560030720,20184565,1
1268351310560030720,940474617264668672,1
1268351310560030720,1288587189799051265,1
1268351310560030720,1359269474793357313,1
1268351310560030720,1355313064153935877,1
1268351310560030720,1357999693700104192,1
1268351310560030720,861171834615734272,1
1268351310560030720,1011426302337912832,1
1268351310560030720,1251665223901155328,1
1268351310560030720,1205954294161252354,1
1268351310560030720,1254269098126696449,1
1268351310560030720,1354823976359354375,1
1268351310560030720,257322314,1
1268351310560030720,443013485,1
1333912076327268353,836789010,1
1333912076327268353,1357837391956856834,1
1333912076327268353,1357490528330215424,1
1333912076327268353,1268776313860456449,2
1333912076327268353,1254269098126696449,2
1333912076327268353,1264959179829112832,1
1333912076327268353,174423329,1
1333912076327268353,796544224854441984,1
1333912076327268353,1361783982959038471,1
1333912076327268353,36226807,1
1333912076327268353,20184565,1
1333912076327268353,1359603005855850497,1
1333912076327268353,876951534,1
1333912076327268353,1234220435753066496,1
1333912076327268353,861171834615734272,2
1333912076327268353,308701148,1
1333912076327268353,1356565797867573249,1
1333912076327268353,28864898,1
1333912076327268353,224408039,1
1333912076327268353,1136370591517290496,1
1333912076327268353,1185342575374487554,1
1333912076327268353,2424219062,1
1333912076327268353,2944889513,1
948646453,4498217061,1
33216611,45438999,1
3867205516,606447893,1
1298203229562560512,1011426302337912832,7
1298203229562560512,259415489,1
2699218499,606447893,1
2699218499,1354823976359354375,1
2699218499,707047646352023552,1
1351323910755770369,606447893,1
1351323910755770369,1260430534276263937,1
1351323910755770369,1356565797867573249,1
1351323910755770369,1312517524878053378,2
1351323910755770369,1011426302337912832,1
1240407135848185861,2848942445,1
1356722800338337795,2848942445,1
918887942654853120,873389997822443520,1
3888452839,1105905360177692682,1
3888452839,1354428111836901381,1
1284156855183433729,51634114,1
1353888876511821825,1351938470294511618,1
1353888876511821825,91786419,1
1353888876511821825,1154611470396579841,1
1353888876511821825,1060659286605524998,1
1353888876511821825,1353888876511821825,2
1353888876511821825,1354823976359354375,1
3351240436,1354779262075740161,2
3351240436,1346679969192284160,1
3351240436,1276506960901345282,1
3351240436,1185342575374487554,1
3351240436,1136370591517290496,1
3351240436,1312517524878053378,1
321662804,51634114,1
1333440650105282562,1035649913856684032,1
1333440650105282562,729149274479431680,1
1333440650105282562,3188306700,1
1333440650105282562,1359672917748051969,1
1333440650105282562,840065893656801284,1
1362061823407755275,603281366,1
1362061823407755275,1011426302337912832,1
1362061823407755275,715725071902334976,1
1207600004845707264,1358796077680500736,1
1207600004845707264,2905466448,1
1207600004845707264,85027908,1
1240313166174793729,1238278714447876100,21
1240313166174793729,792410491,3
1240313166174793729,43059015,1
1240313166174793729,1341082920757411842,1
1240313166174793729,1357355645721341952,1
1240313166174793729,1359269474793357313,1
1240313166174793729,3227195371,1
1240313166174793729,1221837003597197312,1
1240313166174793729,1299852817478238208,1
1240313166174793729,1354823976359354375,1
1240313166174793729,1040797308781158400,1
1240313166174793729,102277392,1
1240313166174793729,497566115,1
1240313166174793729,1060659286605524998,1
1238278714447876100,1238278714447876100,1
1238278714447876100,316821187,1
1238278714447876100,15851299,1
1145399973602893824,1185342575374487554,2
1145399973602893824,715725071902334976,1
1145399973602893824,606447893,1
1145399973602893824,1011426302337912832,1
1145399973602893824,1356191358235586566,1
1145399973602893824,917441717208604672,1
1145399973602893824,1358160212499320833,1
1145399973602893824,1355957698278383626,1
1145399973602893824,1341082920757411842,1
1145399973602893824,1355681147250946054,1
1145399973602893824,1357355645721341952,1
1145399973602893824,259415489,1
1145399973602893824,1356565797867573249,1
1145399973602893824,518993168,1
1145399973602893824,2352106270,1
1145399973602893824,313426519,1
127223446,1313988919529287680,1
127223446,24757341,1
1313988919529287680,1357355645721341952,1
1313988919529287680,185705186,1
991510257296990208,45438999,1
991510257296990208,1324058318877413379,3
991510257296990208,1359603005855850497,1
518993168,558297648,1
518993168,1340742977560457216,1
518993168,1355760772501139458,1
518993168,210901881,2
518993168,1357355645721341952,1
518993168,1355954590722764806,1
518993168,1254269098126696449,1
518993168,72859002,1
518993168,1354823976359354375,2
518993168,3002573734,1
518993168,442235344,1
518993168,1326190770806788098,1
1269719459318521856,1185342575374487554,1
1269719459318521856,928305258933243909,1
1324058318877413379,1108708414316863489,1
3259527900,792410491,1
3259527900,817087203125772288,1
3259527900,1136370591517290496,1
3259527900,576765914,1
972434567117328385,1011426302337912832,1
972434567117328385,1185342575374487554,1
972434567117328385,1352802622885875712,1
1355673105700536322,792410491,1
1257039306113384456,970485789296558081,1
1257039306113384456,2260915946,1
1356076572504190980,715725071902334976,1
203368358,1254269098126696449,1
1268776313860456449,3888452839,1
1268776313860456449,1385169170,1
1245685596636557313,861171834615734272,1
456520866,792410491,1
1360321462389805057,792410491,1
1360321462389805057,1357570827529510914,1
1261065948011864064,792410491,1
1277989392653656070,792410491,1
361916512,1111869559,1
1298255204480159744,51634114,2
1298255204480159744,95385874,1
1298255204480159744,1110119839,1
1298255204480159744,1355137975139622916,1
1298255204480159744,901618302962806785,1
1298255204480159744,178554850,1
1298255204480159744,952434208940613632,1
1160709699165143041,3421278075,1
1160709699165143041,1354779262075740161,1
1354230908669186048,792410491,1
1354230908669186048,1238278714447876100,1
1354230908669186048,1306357127322181632,1
1339610676524769281,1334214699198648325,1
1339610676524769281,2825452928,2
1339610676524769281,286788679,2
1339610676524769281,1353573550825697280,1
1339610676524769281,45438999,1
1355761661324349444,518993168,1
1355761661324349444,861171834615734272,1
2825452928,424696743,1
2825452928,861171834615734272,1
2825452928,1341082920757411842,1
713145941923127297,424696743,1
713145941923127297,1351323910755770369,1
1260750691083190274,3031875563,1
1260750691083190274,2541905646,1
1260750691083190274,1359672917748051969,1
1260750691083190274,1312517524878053378,1
1001863632240742402,792410491,1
1001863632240742402,1349355701299150850,1
1001863632240742402,1518688286,1
1001863632240742402,54975313,1
1001863632240742402,1168520716150550530,1
1001863632240742402,1309661940331864066,1
1354527288734441475,2341054182,1
1354527288734441475,185705186,1
1354527288734441475,519962504,1
40300931,185705186,1
40300931,178554850,2
40300931,2848942445,2
40300931,1002646973898416128,1
40300931,209701746,1
590525576,262467375,1
605170194,1226550082419425281,1
834896862326980608,861171834615734272,1
3171050558,1185342575374487554,1
3171050558,2352106270,1
3171050558,1358796077680500736,1
3171050558,1359603005855850497,1
3171050558,842336192381235204,1
2563699105,1357526931479146496,1
2563699105,1314375800121028608,1
2563699105,1354832838865031173,1
2563699105,34966958,1
2563699105,1320431849722839040,1
2563699105,738809639928619009,1
2563699105,1343561781122314240,1
2563699105,1276607414532538368,1
2563699105,2365579583,1
2563699105,1070492716281270273,1
2563699105,271045715,1
2563699105,3197411948,1
2563699105,2563699105,1
1098687199653085184,1185342575374487554,1
1098687199653085184,836917068,1
1098687199653085184,876951534,1
1098687199653085184,975622282121850880,1
1361117194353008645,1238278714447876100,1
1361117194353008645,1358160212499320833,1
1361117194353008645,2273704272,1
1361399813225463813,861171834615734272,1
1355220304763772936,1309661940331864066,1
1355220304763772936,1340742977560457216,1
1355220304763772936,1357837391956856834,1
1355220304763772936,861171834615734272,1
1355220304763772936,1265744160075677696,1
1355220304763772936,1347634368408293377,1
1315359789950607360,861171834615734272,1
1315359789950607360,1359603005855850497,1
55561590,944345672047833089,1
55561590,1299731186189832198,1
55561590,17155887,1
55561590,1357195664275296261,1
55561590,953414238189469696,1
55561590,851583051112996864,1
55561590,1518688286,1
55561590,457046274,1
55561590,1136370591517290496,2
55561590,359679485,1
55561590,1241785607275327493,1
55561590,1355344761146765317,1
55561590,1353617510990405632,1
55561590,1282928137861386240,1
55561590,1360524051047931907,1
55561590,877349359695798273,1
55561590,1155911828490334208,1
55561590,2369184511,1
55561590,178554850,1
55561590,1347608024769245190,1
55561590,1357756304757039104,1
55561590,1267528854970736640,1
55561590,745209567450013696,1
55561590,1357417829797093377,1
55561590,1355751646106705922,1
55561590,608969431,1
55561590,410687548,1
55561590,1305293330285318144,1
55561590,968275747965030400,1
55561590,1279936719664660480,1
55561590,937844982563647488,1
55561590,23348681,1
55561590,1323398661695524866,1
55561590,1353883464546856962,1
55561590,2368168946,1
55561590,54975313,1
55561590,336116161,1
55561590,844166089072398343,2
55561590,4925241604,1
55561590,3763976008,1
55561590,883354576975482880,1
55561590,25309777,1
55561590,800759587339046912,1
55561590,2207316514,1
55561590,839666667445764098,1
55561590,110922633,1
1346679969192284160,54975313,1
1200616796295847936,838953110,1
1200616796295847936,720984493,1
1200616796295847936,847689822,1
1200616796295847936,1306772334146187264,1
1200616796295847936,968550294547288064,1
1200616796295847936,1304144286779420675,1
1200616796295847936,1336438899451768833,1
1200616796295847936,28703801,1
1200616796295847936,788798534,1
1200616796295847936,1353888876511821825,1
1200616796295847936,49245474,1
583123413,981338546685530112,1
583123413,2664352361,1
583123413,1594661738,1
583123413,1355137975139622916,1
313426519,1355250902979014663,1
40444843,606447893,1
40444843,1312517524878053378,1
823270822580142081,313426519,1
1169961361524383744,1136370591517290496,1
1169961361524383744,178554850,1
1354463596567212034,1358074750728290304,1
1827398862,707047646352023552,1
1357575218986962945,1011426302337912832,1
1357575218986962945,1091173131874652160,1
77071383,996990109101637633,1
77071383,77071383,2
606886866,1185342575374487554,1
606886866,2402859819,1
606886866,1355681147250946054,1
606886866,1312517524878053378,1
606886866,1357355645721341952,1
606886866,1357863450802749440,1
606886866,1357841229057294338,1
1358074750728290304,72100798,1
1358074750728290304,1355957698278383626,1
1358074750728290304,1357355645721341952,1
1234220435753066496,210901881,1
1234220435753066496,1312517524878053378,1
1234220435753066496,1355956676,1
1234220435753066496,1359672917748051969,1
1234220435753066496,576765914,1
1347661246569590787,1268351310560030720,1
1344041243198812160,18610416,1
1344041243198812160,178554850,1
1344041243198812160,1354234173175734275,1
1344041243198812160,1028911758759538688,1
1344041243198812160,1333533464243687429,1
1344041243198812160,128781638,1
140149955,45438999,1
140149955,861171834615734272,1
916787510822436864,1234487238806908929,1
916787510822436864,2379618261,1
916787510822436864,1083206012767797249,1
916787510822436864,1351570335296962562,1
37939632,1268776313860456449,1
1355690712562610180,966458955424673792,1
1355690712562610180,1285352866715242496,1
1355690712562610180,1354911668950552577,1
1355690712562610180,1359281285961633793,1
1286755594192457734,1110119839,1
1286755594192457734,947672236873232384,1
1286755594192457734,980467278385958912,1
1286755594192457734,1044407696114561025,1
271045715,1339700970511482880,1
271045715,800759587339046912,1
271045715,589867715,1
271045715,1185342575374487554,1
271045715,173175302,1
271045715,1254269098126696449,1
271045715,1356565797867573249,1
271045715,1355957698278383626,1
271045715,1303854913756176385,1
271045715,1070492716281270273,1
271045715,2735751914,1
271045715,343759965,1
271045715,1248138360,1
271045715,1107412112282996736,1
271045715,45640092,1
271045715,2347706893,1
1293186675837825025,1059080990,1
1293186675837825025,1215774922414252032,1
1293186675837825025,1354911668950552577,1
1293186675837825025,2424219062,1
1293186675837825025,1352751283,1
1293186675837825025,1234588850753699840,1
988955288,1354739205541392387,1
988955288,838747088,1
988955288,1362025946,1
988955288,14610223,1
988955288,108045032,1
988955288,1070837244724953090,1
842336192381235204,24757341,1
842336192381235204,1312517524878053378,1
842336192381235204,157047150,1
842336192381235204,1315129728639135744,1
842336192381235204,1237185168533639169,1
842336192381235204,1169581249586966528,1
842336192381235204,518993168,2
842336192381235204,1356653038824525829,1
842336192381235204,1355760772501139458,1
842336192381235204,1354779262075740161,1
842336192381235204,272152883,1
881239540140134400,1237185168533639169,1
1354615548940873729,1237185168533639169,1
219719080,861171834615734272,1
219719080,425617244,1
1074230736205570048,1237185168533639169,1
885990864408936448,1136370591517290496,1
1324015154741215232,1171817102438805504,1
1324015154741215232,248059149,1
1351484889791606785,996990109101637633,1
1333861948514066437,1355957698278383626,1
1313322007753359360,1352751283,1
1299472763976118272,1226550082419425281,1
1286817107703926785,860641249,1
1286817107703926785,1136370591517290496,1
2985986987,1268351310560030720,1
2985986987,1312517524878053378,1
58594203,1268351310560030720,1
297890087,1268351310560030720,1
297890087,1359672917748051969,1
1007818153878016002,1345563003542974465,1
1007818153878016002,1251665223901155328,1
1154611470396579841,1355957698278383626,1
1154611470396579841,1237185168533639169,1
1154611470396579841,1359603005855850497,1
1324235880593268736,1355957698278383626,1
1255906018854268929,842336192381235204,1
1255906018854268929,95594952,1
1255906018854268929,1354823976359354375,1
1255906018854268929,3351240436,1
1356059792163352581,940474617264668672,1
1903834776,1315129728639135744,1
1903834776,1302443784366559233,1
204425637,1254269098126696449,1
966139276235825152,1237185168533639169,1
966139276235825152,1111869559,1
1259719294914564097,1355957698278383626,1
1309658980319404033,1254269098126696449,1
1309658980319404033,1304774604,1
1309658980319404033,1354823976359354375,1
1309658980319404033,2424219062,1
1359499090908901378,178554850,1
67710596,1347901884363730944,3
67710596,1347910320191201281,3
67710596,1338687310649413633,3
67710596,1285352866715242496,2
1216902708407353344,178554850,1
2588379495,1347901884363730944,1
2588379495,1347910320191201281,1
955645827908816896,1339956219340075009,1
955645827908816896,1356050077618483201,1
955645827908816896,1362061823407755275,1
955645827908816896,873389997822443520,1
955645827908816896,1136370591517290496,1
955645827908816896,1205954294161252354,1
955645827908816896,1352751283,1
955645827908816896,1388518092,1
955645827908816896,1312517524878053378,1
610520122,102277392,1
102277392,387771247,1
102277392,1136370591517290496,1
1329014990,1237185168533639169,1
1329014990,334071653,1
1203677642014085120,1248477958647345152,1
1203677642014085120,518993168,1
1325572095674212352,43059015,1
723677401180430337,518993168,1
1357114001596030984,1357355645721341952,1
25762392,51634114,1
25762392,821751160256270337,1
25762392,32033365,1
1356841850108334080,1937797646,1
1356841850108334080,1281754467113656320,1
1354781849097281538,1136370591517290496,1
813116636337209344,1226550082419425281,1
813116636337209344,813116636337209344,1
1286713325728890881,1354823976359354375,1
1286713325728890881,1341082920757411842,1
1286713325728890881,1136370591517290496,1
1286713325728890881,1285352866715242496,1
961813961560678400,1057766086219874305,1
961813961560678400,1359723265808302080,1
961813961560678400,1136370591517290496,1
1121201050965483521,1285352866715242496,1
237933189,1285352866715242496,1
555635213,1285352866715242496,1
1194432385,1285352866715242496,1
1194432385,2273704272,1
925751546159169536,1285352866715242496,1
1351825778338627585,1039797972362559488,1
1351825778338627585,1360524051047931907,1
1351825778338627585,1299731186189832198,2
1351825778338627585,1334254143645634565,1
1351825778338627585,1356211333230956546,1
1351825778338627585,1357877150968254464,1
1326164564,838747088,1
1220040806175690753,1226550082419425281,1
472118182,1185342575374487554,1
472118182,996990109101637633,1
1069626347054657541,178554850,1
1354693507336822784,1265685065985654784,1
1261425525093851138,1283507801906700289,1
1261425525093851138,1136370591517290496,1
963518558297870338,963518558297870338,1
963518558297870338,2423811529,1
817007725666242561,832816841647071233,1
817007725666242561,37719578,1
817007725666242561,48440107,1
817007725666242561,989821421886017536,1
817007725666242561,140641561,1
817007725666242561,236070767,1
817007725666242561,1070837244724953090,1
817007725666242561,45937492,1
928305258933243909,2820220420,1
34406564,928305258933243909,1
608215354,928305258933243909,1
608215354,472118182,1
1350402917598113793,928305258933243909,1
1092268049992830977,928305258933243909,1
1270507399598739459,861171834615734272,1
1270507399598739459,1268776313860456449,1
1270507399598739459,2300062526,1
1223102846238744580,51634114,2
1361029133950672898,1136370591517290496,1
1361029133950672898,996990109101637633,1
1361029133950672898,1226550082419425281,1
436266071,996990109101637633,1
436266071,1312517524878053378,1
1084761206362177537,996990109101637633,1
1084761206362177537,85504591,1
224408039,996990109101637633,1
1277705368584544258,996990109101637633,1
702321945136795648,996990109101637633,1
82919890,1226550082419425281,1
1269083148031311873,861171834615734272,1
1300303889619537920,1136370591517290496,1
831723043,1136370591517290496,2
1132825897743126529,85027908,1
1132825897743126529,1354779262075740161,1
1132825897743126529,1312517524878053378,1
1284003802140618752,2894257215,1
9449272,861171834615734272,1
235133788,842336192381235204,1
235133788,1359672917748051969,1
1011751084984094721,861171834615734272,1
125479229,1312517524878053378,1
125479229,424696743,1
1269745633046540290,2423811529,1
1312206539487313920,313426519,1
37473833,1357613435979091968,1
37473833,1069820335,1
37473833,406422836,1
37473833,1357355645721341952,1
37473833,2352106270,1
37473833,1355681147250946054,1
37473833,1356565797867573249,1
1274480509998022656,1356400528524120064,1
15115180,1358074750728290304,1
15115180,1136370591517290496,1
4843597024,1136370591517290496,1
15281391,1251665223901155328,1
15281391,497566115,1
617186763,1136370591517290496,1
1163506552323629056,1136370591517290496,1
1163506552323629056,1205954294161252354,1
570506600,1205954294161252354,1
1205378875015847936,1354533319220682753,1
1205378875015847936,1348826949960032259,1
1205378875015847936,1136370591517290496,1
265619996,1157083162901700608,1
265619996,620991010,1
265619996,1226550082419425281,1
1006956493567086592,1290538789119680513,1
1006956493567086592,96483920,1
1006956493567086592,1341251741606682626,1
1006956493567086592,1306357127322181632,1
1004407070916009986,35673676,1
1004407070916009986,2273704272,1
814419536,1241417259349762052,1
814419536,1354823976359354375,1
814419536,1060659286605524998,1
302114930,1254269098126696449,1
1339809035172933632,1254269098126696449,1
2268259598,2273704272,1
443013485,2273704272,1
443013485,185705186,1
443013485,1354823976359354375,1
32432973,2273704272,1
1022571136511500288,2273704272,1
1979424481,2273704272,1
1362077122492203009,2273704272,1
1388518092,2273704272,1
1349087745499484160,1358074750728290304,1
2345196182,2273704272,1
16117468,576765914,1
16117468,1359672917748051969,1
16117468,1156387625801924610,1
16117468,16117468,1
1173625697572675584,1354823976359354375,1
883895539791781889,1225855511607861248,1
1166822925997154304,707047646352023552,1
1304871676153389056,1354823976359354375,1
1272714874452422657,1013746590,1
1272714874452422657,1312517524878053378,1
1354539040977129474,707047646352023552,1
1149258242960310272,1136370591517290496,1
56854625,1312517524878053378,1
1315694576624168960,178554850,1
1041186139,1281754467113656320,1
1041186139,1048765613538201600,1
1355716113443786760,178554850,1
1164376622398693378,2424219062,1
1164376622398693378,1185342575374487554,1
1355335305860055041,1356565797867573249,1
756222277,1357399894810644481,1
63915950,1136370591517290496,1
897408500,199224003,1
897408500,1136370591517290496,1
1362540245699420164,1136370591517290496,1
2374434332,1136370591517290496,1
2374434332,292060972,1
1116774851656552450,1040797308781158400,1
1123757814,1215774922414252032,1
1289636236861284360,497566115,1
1082785676494434305,1359672917748051969,1
